Município;1992;1993;1994;1995;1997;1998;1999;2000;2001;2002;2003;2004;2005;2006;2007;2008;2009;2010;2011;2012;2013;2014;2015;2016
350010 Adamantina;32085;32099;32103;32106;33044;33280;33514;33750;33639;33793;33930;34218;34378;34536;33289;34366;34424;33797;33821;33843;34953;35001;35048;35094
350020 Adolfo;3230;3198;3164;3132;3394;3415;3437;3459;3728;3771;3811;3895;3942;3989;3609;3711;3710;3557;3548;3538;3639;3631;3623;3616
350030 Aguaí;24008;24705;25315;25909;27422;28320;29217;30116;28750;29212;29684;30674;31222;31766;30181;31763;32101;32168;32452;32745;34188;34530;34863;35189
350040 Águas da Prata;6747;6798;6846;6893;7305;7418;7531;7644;7135;7223;7266;7356;7406;7455;7367;7684;7734;7580;7619;7653;7942;7984;8025;8065
350050 Águas de Lindóia;12211;12374;12560;12741;14112;14594;15076;15559;16710;17079;17491;18289;18766;19240;15867;16335;16341;17261;17354;17438;18108;18212;18313;18412
350055 Águas de Santa Bárbara;3963;4024;4083;4140;4403;4475;4546;4618;5384;5504;5634;5907;6058;6208;5360;5580;5612;5598;5630;5658;5876;5911;5944;5977
350060 Águas de São Pedro;1744;1791;1834;1876;1733;1744;1755;1766;1863;1922;1940;1978;2000;2020;2340;2547;2613;2703;2771;2832;3004;3073;3139;3205
350070 Agudos;32247;32797;33292;33776;31577;31802;32026;32252;32764;32968;33193;33665;33926;34185;34221;35872;36188;34532;34681;34833;36150;36339;36524;36704
350075 Alambari;3356;3411;3461;3511;3470;3492;3515;3537;3713;3723;3758;3829;3869;3908;4070;4325;4391;4886;4979;5071;5356;5460;5560;5658
350080 Alfredo Marcondes;3449;3414;3378;3343;3658;3681;3704;3728;3711;3740;3760;3802;3825;3848;3851;4025;4055;3891;3906;3921;4064;4083;4101;4118
350090 Altair;3323;3419;3501;3580;3578;3636;3694;3752;3572;3591;3620;3679;3712;3745;3272;3312;3287;3814;3837;3859;4010;4035;4060;4085
350100 Altinópolis;13733;13841;13931;14019;14004;14101;14199;14297;15701;15868;16048;16425;16633;16840;15139;15560;15554;15609;15617;15627;16137;16159;16179;16199
350110 Alto Alegre;4733;4679;4629;4581;4308;4246;4184;4122;4198;4150;4099;3991;3931;3872;4157;4270;4267;4105;4090;4078;4193;4183;4173;4164
350115 Alumínio;14180;14614;15004;15385;13101;12967;12832;12698;15432;15567;15713;16019;16189;16357;15678;16331;16427;16845;16961;17079;17784;17924;18061;18194
350120 Álvares Florence;5001;4967;4929;4893;4493;4447;4402;4357;4227;4162;4090;3939;3856;3773;3902;3920;3876;3901;3865;3834;3915;3883;3853;3824
350130 Álvares Machado;19195;19509;19801;20087;22333;23097;23858;24622;23141;23460;23830;24609;25039;25467;22859;23694;23779;23506;23579;23642;24482;24568;24651;24733
350140 Álvaro de Carvalho;3091;3062;3030;2998;3051;3007;2963;2919;4241;4314;4410;4610;4720;4830;4610;4907;4984;4650;4692;4732;4937;4984;5030;5075
350150 Alvinlândia;2510;2484;2457;2432;2681;2698;2716;2733;2878;2899;2928;2989;3022;3056;2787;2868;2869;3000;3013;3025;3137;3153;3168;3182
350160 Americana;156610;159248;161706;164102;171462;174439;177409;180389;185552;188643;191451;197345;200607;203845;199094;203283;205229;210701;212791;214873;224551;226970;229322;231621
350170 Américo Brasiliense;20663;21220;21743;22254;24959;25777;26593;27412;29303;30017;30819;32504;33437;34362;31005;32819;33255;34522;34954;35413;37165;37691;38202;38701
350180 Américo de Campos;5543;5498;5457;5416;5516;5461;5405;5350;5596;5595;5595;5596;5597;5597;5379;5503;5488;5706;5715;5723;5916;5930;5942;5955
350190 Amparo;51521;52544;53339;54113;56541;57459;58374;59292;61431;62425;63364;65333;66423;67505;62692;65466;65928;65836;66246;66649;69322;69808;70280;70742
350200 Analândia;3074;3123;3169;3215;3579;3692;3805;3918;3648;3700;3755;3870;3934;3997;4166;4471;4558;4289;4348;4401;4612;4672;4731;4789
350210 Andradina;52910;53406;53859;54301;54055;54440;54824;55210;55499;55740;56009;56573;56885;57195;54753;56505;56593;55317;55348;55361;57145;57198;57250;57300
350220 Angatuba;17519;17807;18075;18334;18063;18189;18315;18442;19557;19734;19937;20363;20599;20833;21523;22877;23225;22211;22434;22650;23666;23917;24161;24400
350230 Anhembi;3518;3584;3606;3627;4338;4475;4611;4748;4660;4745;4842;5047;5160;5273;5271;5656;5766;5648;5739;5822;6120;6215;6307;6397
350240 Anhumas;3205;3169;3135;3103;3083;3039;2994;2950;3424;3447;3463;3498;3517;3536;3695;3900;3947;3738;3764;3788;3941;3970;3999;4026
350250 Aparecida;33639;33879;34167;34447;34609;34856;35102;35349;35029;35253;35414;35754;35942;36129;35903;37405;37629;35043;35015;35023;36151;36184;36217;36248
350260 Aparecida d'Oeste;5055;5016;4978;4941;4798;4750;4701;4653;4909;4900;4884;4850;4832;4813;4577;4633;4598;4444;4413;4377;4468;4432;4397;4362
350270 Apiaí;27012;27454;27869;28274;23800;23654;23508;23362;27209;27293;27353;27481;27551;27621;25463;25857;25700;25196;25040;24894;25491;25349;25211;25077
350275 Araçariguama;7011;7162;7270;7376;9915;10255;10595;10936;11652;12044;12457;13324;13804;14280;12291;13027;13208;17085;17535;17975;19144;19636;20114;20581
350280 Araçatuba;155070;157467;159700;161876;165076;167192;169303;171420;171289;172768;174399;177823;179717;181598;178839;181143;182204;181618;182526;183441;190536;191662;192757;193828
350290 Araçoiaba da Serra;14988;15379;15759;16129;17846;18456;19064;19675;20408;20925;21440;22521;23119;23713;24022;26012;26626;27323;27874;28429;30088;30713;31321;31915
350300 Aramina;4140;4202;4265;4326;4255;4282;4310;4337;4847;4910;4978;5122;5201;5280;5019;5262;5308;5150;5182;5211;5416;5451;5486;5519
350310 Arandu;5784;5937;6080;6221;5352;5298;5244;5190;6117;6159;6202;6293;6344;6394;6013;6204;6212;6123;6128;6132;6334;6343;6351;6360
350315 Arapeí;2309;2327;2342;2358;2356;2371;2386;2401;2653;2686;2718;2784;2821;2857;2527;2587;2582;2492;2484;2475;2541;2532;2524;2516
350320 Araraquara;166806;169864;172786;175635;170773;172470;174381;176298;185064;187363;189634;194401;197039;199657;195815;199132;200666;208725;210673;212617;222036;224304;226508;228664
350330 Araras;90208;92914;95393;97810;97873;99462;101046;102636;106261;107718;109352;112783;114682;116566;108689;113645;114515;118898;119968;121055;126391;127661;128895;130102
350335 Arco-Íris;-;-;-;-;2043;2058;2072;2087;2185;2203;2221;2260;2281;2303;2003;2026;2010;1925;1907;1890;1925;1907;1890;1873
350340 Arealva;6873;6909;6917;6924;6590;6523;6457;6390;7283;7318;7352;7425;7465;7504;7504;7833;7886;7842;7887;7932;8245;8299;8351;8402
350350 Areias;3246;3210;3176;3143;3492;3515;3537;3559;3637;3666;3697;3762;3798;3834;3571;3684;3690;3693;3704;3711;3839;3849;3859;3869
350360 Areiópolis;10312;10554;10809;11059;10235;10307;10378;10450;10332;10360;10390;10452;10487;10521;10630;11085;11157;10581;10601;10622;10989;11020;11049;11078
350370 Ariranha;5873;5938;5980;6021;7068;7311;7553;7796;7679;7820;7980;8314;8499;8683;8255;8753;8876;8547;8630;8709;9095;9187;9277;9365
350380 Artur Nogueira;19922;20502;21049;21581;27067;27954;28839;29726;34782;36033;37384;40218;41787;43344;39457;42567;43499;44270;45026;45847;48420;49346;50246;51126
350390 Arujá;38795;39969;41035;42075;52782;54512;56237;57969;61715;63722;65828;70248;72694;75122;72713;78960;80922;74818;76112;77279;81326;82651;83939;85199
350395 Aspásia;1941;1914;1894;1875;1968;1970;1971;1972;1849;1840;1831;1811;1800;1789;1790;1831;1826;1809;1806;1802;1854;1851;1848;1845
350400 Assis;77066;78425;79609;80765;84758;86133;87505;88882;88535;89657;90774;93118;94415;95703;92965;97725;98715;95156;95750;96336;100204;100911;101597;102268
350410 Atibaia;89008;91721;94168;96554;97206;98783;100356;101935;114090;116553;118990;124108;126940;129751;119166;125418;126757;126614;127778;128914;134567;135895;137187;138449
350420 Auriflama;12858;12951;13035;13118;13524;13618;13712;13807;13604;13670;13743;13897;13982;14066;13760;14298;14366;14205;14255;14307;14831;14897;14961;15024
350430 Avaí;4585;4539;4491;4445;4561;4515;4469;4423;4590;4586;4581;4571;4566;4561;4877;5121;5170;4959;4987;5014;5210;5243;5275;5306
350440 Avanhandava;8102;8239;8360;8478;8462;8518;8574;8631;8930;9009;9093;9268;9365;9462;10875;11816;12112;11311;11501;11685;12307;12516;12719;12918
350450 Avaré;62161;63203;64158;65089;72382;74754;77120;79495;78278;79706;81207;84358;86102;87833;80026;83744;84416;82935;83430;83910;87238;87820;88385;88938
350460 Bady Bassitt;5887;6039;6185;6328;8507;8800;9092;9384;12253;12777;13347;14543;15204;15861;13039;13898;14127;14605;14838;15065;15851;16109;16359;16604
350470 Balbinos;1229;1237;1245;1252;1442;1487;1533;1578;1324;1332;1341;1360;1371;1381;3619;4385;4697;3932;3886;4063;4433;4629;4819;5006
350480 Bálsamo;6867;6997;7100;7200;7181;7229;7276;7324;7378;7460;7515;7632;7696;7761;7767;8151;8227;8160;8223;8284;8631;8703;8773;8841
350490 Bananal;9134;9207;9267;9324;8895;8805;8716;8626;9788;9847;9910;10041;10113;10185;10233;10727;10822;10220;10263;10301;10680;10728;10775;10821
350500 Barão de Antonina;2985;2959;2928;2898;2637;2599;2561;2523;2765;2745;2722;2674;2647;2621;2751;2833;2835;3116;3141;3165;3297;3326;3353;3380
350510 Barbosa;5334;5291;5251;5212;5935;6027;6118;6210;5897;5933;5978;6072;6124;6176;6454;6846;6944;6593;6652;6708;6998;7064;7128;7190
350520 Bariri;24961;25386;25770;26144;26016;26201;26386;26572;28673;28999;29358;30113;30531;30945;30995;32824;33267;31603;31852;32102;33466;33761;34048;34328
350530 Barra Bonita;31767;32765;33639;34491;33487;34030;34572;35116;35919;36465;36918;37871;38398;38921;35090;36176;36214;35256;35228;35210;36310;36315;36321;36326
350535 Barra do Chapéu;5004;5086;5163;5238;5049;5082;5115;5149;4831;4831;4824;4810;4802;4794;5077;5314;5358;5236;5275;5305;5514;5550;5585;5619
350540 Barra do Turvo;7299;7525;7708;7885;7276;7324;7372;7421;8228;8315;8411;8613;8724;8835;7620;7744;7699;7729;7700;7672;7878;7853;7828;7804
350550 Barretos;97256;98696;100188;101642;101951;103055;104156;105262;104913;105701;106531;108273;109238;110195;107988;112804;113618;112102;112730;113338;117779;118521;119243;119948
350560 Barrinha;19414;19936;20428;20908;22827;23607;24386;25167;24864;25334;25856;26954;27561;28164;25715;26915;27169;28503;28826;29144;30506;30873;31230;31579
350570 Barueri;135287;140221;144502;148676;188840;198646;208426;218242;217510;224584;232150;248034;256824;265549;252748;264619;270173;240656;243242;245652;256756;259555;262275;264935
350580 Bastos;19457;19768;20065;20354;20098;20238;20378;20519;20773;20898;21041;21343;21510;21676;20613;21323;21380;20461;20435;20424;21061;21064;21067;21070
350590 Batatais;44846;45623;46313;46985;48934;49728;50520;51315;51886;52586;53270;54706;55501;56290;53525;56022;56476;56481;56888;57286;59654;60128;60589;61040
350600 Bauru;267369;273759;279505;285109;300409;307048;313670;320316;322554;327626;332993;344258;350492;356680;347601;355675;359429;344039;346077;348146;362062;364562;366992;369368
350610 Bebedouro;69965;71990;73910;75783;74053;75254;76453;77656;75661;76299;76987;78433;79233;80027;74865;77430;77630;75044;75052;75069;77487;77558;77627;77695
350620 Bento de Abreu;2411;2429;2444;2458;2281;2248;2215;2182;2401;2393;2393;2392;2392;2392;2740;2929;2982;2674;2696;2717;2831;2855;2879;2902
350630 Bernardino de Campos;10121;10208;10281;10351;10469;10543;10616;10689;10792;10861;10927;11064;11140;11216;10487;10780;10776;10777;10780;10784;11133;11146;11157;11169
350635 Bertioga;11488;11526;11551;11577;17718;18323;18928;19534;33289;33946;35759;39565;41672;43763;39091;42945;44233;47572;48997;50304;53679;55138;56555;57942
350640 Bilac;5501;5547;5586;5624;5771;5810;5848;5886;6164;6220;6281;6410;6481;6552;6905;7369;7494;7052;7122;7193;7519;7602;7682;7761
350650 Birigui;77560;79811;81940;84016;88867;91780;94685;97600;96682;98335;100207;104138;106313;108472;103394;109451;110911;108722;109836;110907;115898;117143;118352;119536
350660 Biritiba-Mirim;18360;18857;19323;19777;20928;21644;22357;23074;25394;26088;26754;28152;28926;29694;27483;29208;29650;28573;28877;29168;30492;30830;31158;31479
350670 Boa Esperança do Sul;12217;12549;12858;13160;11714;11903;12093;12283;12818;12985;13176;13578;13800;14021;13208;13835;13953;13658;13728;13807;14356;14452;14546;14638
350680 Bocaina;7304;7369;7421;7472;8923;9230;9536;9843;9649;9902;10116;10565;10813;11059;10299;10889;11028;10862;10968;11073;11568;11691;11810;11926
350690 Bofete;5763;5855;5941;6025;7001;7242;7482;7723;7562;7712;7877;8223;8415;8605;8565;9194;9375;9282;9792;9960;10504;10694;10879;11059
350700 Boituva;23806;24469;25073;25662;29710;30684;31655;32630;35577;36730;37827;40129;41402;42667;40783;43959;44906;48323;49385;50420;53431;54594;55725;56830
350710 Bom Jesus dos Perdões;10119;10409;10661;10907;11103;11283;11463;11643;13625;14041;14379;15088;15480;15870;16211;17571;17993;19703;20199;20674;21976;22508;23025;23530
350715 Bom Sucesso de Itararé;2351;2371;2391;2411;2833;2922;3011;3101;3330;3421;3509;3695;3797;3899;3658;3902;3968;3571;3598;3623;3772;3802;3831;3860
350720 Borá;742;734;726;719;774;779;784;789;800;804;809;818;823;828;804;834;837;805;806;807;834;835;836;838
350730 Boracéia;3420;3382;3346;3311;3575;3598;3621;3644;3743;3798;3825;3882;3914;3945;4128;4377;4439;4268;4309;4348;4540;4586;4631;4675
350740 Borborema;12202;12285;12366;12444;12573;12661;12748;12836;13306;13421;13527;13749;13872;13994;13752;14376;14485;14532;14632;14731;15335;15454;15569;15681
350745 Borebi;1427;1451;1473;1495;1836;1894;1952;2010;1998;2045;2096;2205;2265;2325;2172;2312;2349;2295;2321;2348;2458;2489;2519;2548
350750 Botucatu;93580;96422;98994;101503;103398;105533;107663;109800;110242;111998;113711;117308;119298;121274;120800;128397;130348;127370;128789;130201;136269;137899;139483;141032
350760 Bragança Paulista;101537;103761;105525;107243;112627;114781;116929;119085;127959;130323;132779;137935;140789;143621;136286;144066;145894;146663;148411;150023;156995;158856;160665;162435
350770 Braúna;4214;4168;4124;4081;4400;4428;4457;4485;4393;4408;4420;4444;4458;4471;4728;4985;5043;5021;5070;5118;5345;5400;5454;5506
350775 Brejo Alegre;-;-;-;-;2141;2174;2207;2241;2349;2377;2410;2477;2515;2552;2432;2550;2573;2573;2594;2614;2723;2746;2768;2790
350780 Brodowski;14043;14259;14472;14681;16183;16736;17288;17841;17559;17844;18171;18858;19238;19616;19018;20190;20485;21105;21412;21707;22797;23134;23460;23780
350790 Brotas;14651;14894;15117;15335;17777;18385;18991;19599;19415;19829;20267;21187;21695;22200;20996;22300;22631;21580;21787;21987;22959;23192;23419;23641
350800 Buri;14595;14814;15036;15253;16969;17550;18128;18709;18057;18324;18647;19324;19699;20071;17539;18112;18146;18566;18635;18705;19395;19484;19570;19655
350810 Buritama;12816;12952;13036;13119;13763;13986;14209;14432;13972;14083;14189;14412;14536;14658;14735;15482;15636;15418;15539;15655;16312;16449;16583;16714
350820 Buritizal;3753;3711;3672;3634;3132;3086;3041;2996;3649;3648;3636;3611;3597;3583;3872;4059;4096;4055;4083;4111;4279;4313;4345;4377
350830 Cabrália Paulista;3894;3914;3937;3960;4692;4853;5014;5175;4753;4823;4901;5063;5153;5243;4340;4400;4369;4365;4343;4322;4430;4410;4390;4371
350840 Cabreúva;19326;19895;20386;20865;24521;25325;26126;26931;34838;36106;37501;40430;42050;43659;38898;41839;42700;41643;42257;42889;45112;45830;46528;47210
350850 Caçapava;67074;68330;69363;70370;68695;69185;69673;70163;77011;78249;79233;81298;82440;83574;80458;84406;85181;84844;85414;86054;89668;90426;91162;91883
350860 Cachoeira Paulista;23300;23550;23704;23854;25971;26392;26813;27235;27691;28045;28435;29254;29707;30156;31674;33999;34666;30099;30313;30527;31791;32046;32294;32536
350870 Caconde;17388;17535;17649;17761;17631;17754;17877;18000;18510;18608;18715;18940;19064;19187;18552;19233;19304;18536;18551;18563;18926;18952;18976;19001
350880 Cafelândia;15193;14910;14753;14599;15343;15353;15363;15374;15855;15906;15958;16068;16129;16189;16073;16699;16778;16612;16670;16730;17346;17424;17499;17573
350890 Caiabu;3882;3905;3929;3952;3647;3594;3541;3489;4104;4124;4146;4191;4217;4242;4011;4130;4131;4072;4072;4072;4201;4204;4206;4208
350900 Caieiras;40304;41506;42613;43693;59828;61789;63744;65707;74751;77986;81126;87717;91365;94985;81163;86698;88212;86623;87704;88841;93215;94516;95780;97016
350910 Caiuá;3364;3386;3406;3426;3214;3168;3121;3075;4296;4371;4454;4629;4725;4821;4953;5334;5447;5039;5105;5167;5418;5490;5560;5628
350920 Cajamar;34808;35840;36796;37729;44174;45622;47066;48515;52378;54343;56006;59496;61427;63344;58436;62522;63675;64113;65139;66131;69584;70710;71805;72875
350925 Cajati;25078;25120;25790;26444;27820;28732;29641;30554;29678;30401;30947;32091;32724;33353;28285;28987;28936;28371;28307;28243;29059;29010;28962;28916
350930 Cajobi;9015;9260;9488;9710;10364;10720;11075;11432;9205;9262;9303;9388;9436;9483;9519;9939;10009;9759;9814;9858;10232;10287;10341;10393
350940 Cajuru;20609;20937;21251;21557;19212;19345;19480;19614;21046;21244;21461;21917;22168;22419;22695;24003;24313;23378;23571;23763;24783;25009;25230;25445
350945 Campina do Monte Alegre;3975;4041;4101;4161;4739;4902;5065;5228;5344;5483;5610;5876;6024;6171;5320;5532;5560;5567;5595;5622;5836;5869;5901;5932
350950 Campinas;862637;878690;892817;906593;924194;937135;950043;962996;982977;995024;1006918;1031887;1045706;1059420;1039297;1056644;1064669;1080999;1090386;1098630;1144862;1154617;1164098;1173370
350960 Campo Limpo Paulista;46897;48218;49504;50759;54400;56183;57961;59745;65956;67582;69373;73132;75212;77277;69810;73885;74863;74114;74869;75637;79091;79982;80847;81693
350970 Campos do Jordão;38276;39451;40504;41530;35757;35538;35319;35100;45110;45749;46444;47903;48711;49512;44688;46332;46505;47824;48061;48324;50221;50541;50852;51157
350980 Campos Novos Paulista;4047;4069;4093;4117;4208;4235;4262;4289;4199;4216;4232;4266;4285;4304;4651;4940;5014;4539;4567;4594;4776;4808;4839;4870
350990 Cananéia;9895;10056;10204;10348;9478;9383;9287;9192;12472;12838;13089;13615;13906;14195;12039;12377;12374;12226;12221;12216;12598;12601;12604;12606
350995 Canas;-;-;-;-;3074;3096;3118;3140;3689;3760;3828;3970;4049;4127;4318;4662;4765;4387;4445;4502;4722;4788;4852;4914
351000 Cândido Mota;25893;26325;26723;27111;28774;29241;29706;30174;29752;30086;30460;31245;31680;32111;29572;30662;30776;29911;29931;29976;30993;31063;31131;31198
351010 Cândido Rodrigues;2344;2359;2373;2387;2518;2559;2600;2641;2646;2673;2701;2759;2792;2824;2655;2757;2770;2668;2673;2677;2767;2773;2780;2786
351015 Canitar;2454;2474;2490;2506;2975;3069;3162;3256;3607;3700;3802;4016;4134;4251;4265;4629;4743;4369;4438;4504;4737;4812;4884;4956
351020 Capão Bonito;46908;47326;47727;48118;46080;45798;45516;45233;46750;46793;46821;46881;46914;46946;45275;46412;46338;46178;46136;46095;47510;47498;47486;47475
351030 Capela do Alto;11088;11378;11653;11922;13133;13582;14030;14480;14374;14978;15318;16030;16425;16816;15950;16968;17232;17533;17785;18029;18933;19212;19482;19747
351040 Capivari;35293;36355;37324;38270;39006;39639;40270;40904;42324;42993;43701;45187;46009;46825;43779;45915;46331;48573;49122;49650;51949;52559;53152;53731
351050 Caraguatatuba;54694;56176;57675;59136;70112;72410;74702;77002;82023;84401;86944;92283;95237;98170;88815;94598;96125;100899;102523;104150;109678;111524;113317;115071
351060 Carapicuíba;292369;300283;307835;315199;338908;348242;357552;366895;351041;357417;363368;375859;382772;389634;379566;388532;392701;369908;371502;373358;387788;390073;392294;394465
351070 Cardoso;12283;12309;12321;12333;11321;11204;11089;10972;11513;11463;11396;11258;11181;11105;11324;11632;11624;11798;11821;11836;12233;12257;12281;12305
351080 Casa Branca;25531;25789;26008;26221;24617;24466;24315;24164;26974;27114;27260;27565;27735;27903;27081;28083;28189;28312;28423;28535;29597;29739;29877;30012
351090 Cássia dos Coqueiros;2739;2755;2772;2788;2774;2792;2809;2827;2890;2903;2918;2949;2966;2983;2706;2752;2737;2627;2616;2599;2657;2640;2623;2607
351100 Castilho;14871;15107;15333;15554;15392;15500;15607;15715;14988;15020;15053;15122;15161;15199;15410;16064;16165;18006;18238;18465;19360;19620;19873;20120
351110 Catanduva;92423;93903;95322;96705;103476;105621;107761;109908;107612;109017;110489;113578;115287;116984;109362;114069;114812;112843;113356;113873;118209;118853;119480;120092
351120 Catiguá;6311;6360;6405;6449;6853;6960;7065;7172;6596;6617;6646;6706;6739;6772;6870;7191;7250;7127;7171;7214;7502;7553;7603;7652
351130 Cedral;5649;5610;5568;5526;6020;6060;6100;6140;6811;6910;7007;7211;7324;7436;7607;8119;8258;7968;8070;8165;8553;8662;8767;8870
351140 Cerqueira César;13069;13291;13490;13684;14235;14466;14696;14927;15424;15626;15850;16320;16580;16838;16276;17147;17337;17532;17716;17893;18703;18909;19109;19304
351150 Cerquilho;20686;21200;21723;22233;25983;26834;27684;28536;30670;31498;32422;34362;35435;36500;34769;37419;38199;39649;40393;41144;43473;44320;45142;45947
351160 Cesário Lange;11495;11794;12085;12369;13292;13746;14200;14654;13047;13247;13416;13771;13967;14162;14005;14795;14979;15547;15744;15942;16717;16943;17163;17378
351170 Charqueada;10928;11094;11256;11415;13101;13549;13996;14444;13279;13521;13746;14218;14479;14738;14356;15213;15423;15086;15243;15395;16092;16268;16440;16608
355720 Chavantes;11797;11892;11970;12045;12674;12880;13085;13290;12248;12294;12340;12437;12490;12544;12226;12652;12688;12114;12108;12102;12480;12482;12484;12486
351190 Clementina;4920;4948;4978;5007;5057;5090;5124;5157;5462;5514;5564;5671;5730;5789;6081;6477;6582;7064;7193;7316;7717;7856;7992;8124
351200 Colina;16383;16823;17238;17643;16526;16642;16757;16873;16747;16823;16897;17051;17137;17222;16989;17659;17745;17373;17426;17478;18107;18177;18245;18311
351210 Colômbia;5442;5579;5715;5846;6294;6510;6726;6942;6038;6095;6161;6299;6375;6451;6073;6314;6345;5994;5998;6001;6196;6203;6211;6218
351220 Conchal;19826;20379;20882;21373;23557;24363;25166;25972;23047;23392;23725;24422;24809;25192;23352;24336;24485;25242;25425;25615;26689;26914;27132;27345
351230 Conchas;12006;12063;12142;12219;13389;13606;13822;14040;15275;15538;15832;16450;16792;17132;15473;16160;16274;16302;16395;16497;17162;17286;17406;17523
351240 Cordeirópolis;13736;14104;14452;14792;15990;16536;17082;17629;18108;18486;18901;19773;20256;20734;19309;20445;20720;21085;21348;21607;22648;22945;23234;23517
351250 Coroados;6050;6104;6148;6190;4364;4432;4499;4566;4461;4498;4536;4615;4659;4702;4881;5177;5250;5238;5302;5362;5615;5685;5753;5820
351260 Coronel Macedo;5698;5656;5613;5571;5589;5533;5477;5421;5564;5555;5539;5506;5488;5470;5277;5370;5343;5001;4956;4913;5009;4965;4922;4881
351270 Corumbataí;3176;3198;3217;3236;3667;3782;3898;4014;3875;3928;3991;4121;4194;4266;3935;4109;4138;3874;3881;3887;4018;4027;4036;4045
351280 Cosmópolis;37165;38253;39274;40268;40659;41319;41977;42638;45345;46111;46927;48638;49585;50525;53561;57951;59297;58821;59938;61013;64415;65628;66807;67960
351290 Cosmorama;7756;7702;7643;7586;7230;7157;7084;7011;7315;7276;7231;7137;7085;7033;6951;7071;7033;7214;7202;7191;7404;7396;7388;7381
351300 Cotia;111601;116674;120863;124948;131819;135936;140042;144162;153070;157726;161782;170296;175008;179685;172823;179109;182045;201023;205154;209027;220941;225306;229548;233696
351310 Cravinhos;22911;23331;23681;24022;24453;24850;25245;25643;29106;29642;30213;31412;32076;32735;29377;30647;30849;31688;31943;32187;33543;33831;34110;34384
351320 Cristais Paulista;5682;5739;5779;5819;6427;6526;6625;6725;6675;6775;6865;7056;7162;7266;7005;7362;7436;7591;7666;7741;8089;8176;8260;8343
351330 Cruzália;2693;2712;2731;2750;2707;2725;2742;2759;2604;2598;2592;2580;2573;2566;2368;2382;2356;2270;2249;2224;2260;2234;2209;2185
351340 Cruzeiro;69802;71004;72077;73124;72768;73286;73803;74322;74062;74512;74986;75980;76530;77076;76098;79418;79957;77070;77312;77575;80408;80749;81082;81406
351350 Cubatão;91960;92870;93657;94425;99158;100767;102372;103983;109963;111922;113599;117120;119068;121002;120271;127702;129582;118797;119520;120293;125178;126105;127006;127887
351360 Cunha;23599;23804;23959;24111;21382;21162;20943;20723;23013;23012;22975;22899;22857;22815;22951;23694;23735;21874;21773;21682;22251;22167;22086;22007
351370 Descalvado;26197;26636;27038;27431;27249;27444;27637;27832;29368;29588;29898;30548;30908;31265;29533;30710;30867;31053;31220;31379;32595;32790;32980;33165
351380 Diadema;311875;318305;324219;329986;327562;331325;335078;338845;362663;367958;373014;383629;389503;395333;386779;394266;397738;386039;388576;390980;406718;409613;412428;415180
351385 Dirce Reis;1880;1859;1840;1821;1639;1615;1592;1568;1589;1564;1537;1479;1448;1416;1582;1624;1623;1689;1695;1699;1760;1766;1772;1779
351390 Divinolândia;11940;11983;12061;12137;11366;11249;11133;11016;12041;12059;12079;12121;12144;12168;11246;11415;11343;11209;11146;11086;11604;11547;11492;11437
351400 Dobrada;7114;7310;7487;7659;7206;7254;7302;7350;7012;7025;7034;7052;7062;7071;7664;8108;8214;7941;8011;8080;8432;8513;8592;8669
351410 Dois Córregos;19118;19481;19773;20058;22549;23320;24089;24860;22773;23297;23657;24412;24830;25245;24384;25733;26040;24768;24933;25100;26126;26324;26517;26706
351420 Dolcinópolis;2068;2047;2025;2004;2153;2167;2181;2195;2158;2164;2170;2182;2188;2195;2181;2263;2272;2096;2092;2088;2148;2145;2142;2139
351430 Dourado;7879;8002;8119;8234;8451;8582;8712;8843;8709;8788;8872;9049;9147;9244;8751;9089;9131;8607;8610;8610;8884;8890;8897;8903
351440 Dracena;39972;40448;40791;41126;40383;40671;40958;41246;40576;40670;40749;40914;41006;41096;42107;43989;44309;43263;43470;43675;45346;45600;45847;46088
351450 Duartina;11748;11627;11504;11384;11647;11527;11408;11288;12534;12597;12653;12772;12837;12902;12381;12777;12796;12251;12234;12218;12585;12576;12567;12558
351460 Dumont;5122;5260;5388;5512;5597;5684;5771;5857;6469;6586;6716;6988;7138;7288;7557;8163;8346;8143;8284;8421;8874;9028;9178;9325
351470 Echaporã;6354;6418;6464;6508;6461;6504;6546;6589;6870;6934;6984;7088;7146;7203;6247;6299;6239;6318;6279;6242;6389;6352;6316;6281
351480 Eldorado;13248;13311;13398;13483;14143;14373;14601;14831;14251;14347;14446;14654;14769;14883;14038;14490;14514;14645;14680;14718;15238;15289;15339;15388
351490 Elias Fausto;11978;12300;12604;12900;12729;12935;13141;13348;14155;14363;14583;15045;15301;15555;14521;15192;15312;15796;15920;16060;16762;16926;17085;17241
351492 Elisiário;2583;2624;2664;2703;2589;2605;2622;2638;2583;2585;2589;2597;2601;2606;3024;3251;3317;3120;3162;3202;3359;3406;3451;3494
351495 Embaúba;2469;2535;2598;2660;2486;2502;2518;2533;2487;2495;2503;2519;2528;2537;2391;2448;2442;2423;2419;2415;2486;2484;2481;2479
351500 Embu das Artes;161201;166215;170861;175391;205512;213878;222223;230598;213017;218535;223581;234174;240037;245855;237318;245093;248722;240007;242730;245148;256247;259053;261781;264448
351510 Embu-Guaçu;37045;38540;39568;40570;43963;45404;46841;48283;59218;61259;63274;67505;69847;72170;59083;61701;62137;62846;63219;63653;66273;66792;67296;67788
351512 Emilianópolis;2915;2945;2965;2984;2730;2691;2652;2612;2896;2891;2890;2888;2887;2886;3021;3159;3184;3024;3030;3040;3149;3162;3174;3186
351515 Engenheiro Coelho;6711;6906;7090;7270;9106;9419;9731;10044;10458;10776;11121;11845;12246;12644;12729;13914;14300;15719;16158;16580;17681;18153;18611;19059
351518 Espírito Santo do Pinhal;37534;37885;38207;38520;38414;38688;38961;39235;40807;41175;41497;42174;42549;42921;40684;42128;42260;41919;42017;42123;43611;43756;43897;44036
351519 Espírito Santo do Turvo;3003;3032;3058;3084;3132;3152;3172;3192;3763;3824;3893;4037;4116;4195;4103;4361;4428;4246;4288;4330;4525;4574;4621;4668
355730 Estiva Gerbi;6860;7031;7194;7353;8416;8705;8994;9283;9127;9315;9528;9975;10223;10469;9185;9590;9657;10044;10136;10224;10669;10772;10873;10971
351520 Estrela d'Oeste;8402;8354;8290;8229;7915;7835;7755;7676;8231;8206;8183;8134;8108;8081;8590;8976;9042;8208;8205;8201;8458;8460;8462;8464
351530 Estrela do Norte;2744;2714;2686;2658;2788;2790;2791;2793;2609;2593;2578;2547;2530;2513;2454;2490;2474;2661;2661;2663;2752;2756;2761;2765
351535 Euclides da Cunha Paulista;9875;10161;10432;10697;10437;10606;10775;10945;10294;10351;10414;10547;10621;10694;9923;10180;10168;9585;9537;9491;9729;9685;9642;9600
351540 Fartura;14452;14542;14637;14729;14730;14833;14935;15038;15090;15152;15219;15357;15434;15510;14601;14985;14969;15324;15344;15367;15889;15925;15960;15994
351560 Fernando Prestes;5218;5257;5294;5331;5309;5344;5379;5414;5456;5488;5514;5567;5596;5625;5212;5328;5312;5534;5542;5550;5736;5748;5760;5771
351550 Fernandópolis;57134;58075;58953;59809;59527;59951;60374;60799;62296;62805;63342;64470;65095;65714;61392;63414;63539;64707;64931;65157;67543;67836;68120;68399
351565 Fernão;-;-;-;-;1424;1410;1395;1381;1398;1378;1352;1299;1270;1241;1457;1514;1521;1563;1574;1583;1646;1658;1669;1680
351570 Ferraz de Vasconcelos;99107;102164;104890;107547;128404;133851;139283;144735;147966;152100;156613;166086;171329;176532;168897;175939;179231;168290;170297;172222;180326;182544;184700;186808
351580 Flora Rica;2353;2326;2302;2278;2221;2189;2157;2125;2153;2134;2114;2073;2050;2027;2019;2044;2029;1752;1720;1688;1699;1666;1634;1602
351590 Floreal;3501;3467;3430;3395;3319;3271;3223;3175;3183;3155;3123;3057;3020;2984;2907;2918;2884;3003;2987;2970;3042;3027;3011;2996
351600 Flórida Paulista;12355;12226;12096;11971;11500;11381;11264;11146;10911;10811;10673;10386;10226;10068;12660;13524;13761;12849;12982;13112;13704;13854;14000;14143
351610 Florínia;3017;3052;3070;3088;3272;3325;3378;3431;3143;3151;3162;3186;3199;3212;2860;2883;2856;2829;2807;2785;2843;2821;2799;2778
351620 Franca;240326;247385;253876;260206;275747;282953;290139;297352;294067;299233;304569;315770;321969;328121;319094;327176;330938;318785;321012;323307;336734;339461;342112;344704
351630 Francisco Morato;86341;89117;91495;93813;111783;116496;121197;125915;139309;144227;149096;159316;164971;170585;146634;155224;157294;154538;156064;157603;164718;166505;168243;169942
351640 Franco da Rocha;88362;90870;93294;95658;102269;105621;108964;112318;110755;112874;115080;119710;122273;124816;121451;129304;131366;131603;133407;135150;141824;143817;145755;147650
351650 Gabriel Monteiro;2440;2416;2391;2366;2373;2339;2305;2271;2758;2779;2804;2856;2885;2914;2638;2703;2698;2705;2707;2706;2790;2790;2790;2791
351660 Gália;10401;10325;10246;10170;7415;7340;7266;7191;7730;7652;7559;7364;7256;7149;6812;6754;6635;7011;6947;6884;7019;6956;6894;6834
351670 Garça;41790;42281;42640;42990;40190;39944;39698;39451;43368;43513;43676;44019;44208;44396;42218;43395;43380;43124;43112;43108;44479;44506;44532;44557
351680 Gastão Vidigal;3838;3842;3846;3850;3676;3623;3570;3517;3551;3534;3510;3459;3431;3403;3863;4071;4118;4193;4240;4285;4482;4534;4585;4634
351685 Gavião Peixoto;-;-;-;-;4514;4564;4614;4665;4109;4108;4099;4081;4071;4062;4103;4236;4244;4420;4442;4464;4635;4662;4688;4714
351690 General Salgado;11396;11478;11553;11625;10639;10713;10788;10862;10819;10918;10961;11053;11103;11154;10626;10933;10934;10674;10658;10646;10970;10966;10961;10956
351700 Getulina;10026;9955;9879;9806;9114;9023;8931;8839;10406;10422;10447;10498;10526;10554;10515;10914;10960;10777;10796;10825;11209;11249;11287;11325
351710 Glicério;4178;4138;4095;4052;4104;4045;3985;3926;4455;4469;4488;4528;4550;4571;4398;4540;4547;4577;4576;4586;4745;4759;4773;4787
351720 Guaiçara;6463;6579;6675;6769;8783;9085;9386;9688;9552;9810;10087;10671;10993;11314;10357;11029;11206;10671;10782;10891;11385;11511;11633;11752
351730 Guaimbê;5094;5054;5015;4978;4845;4796;4748;4699;5217;5222;5228;5242;5250;5258;4752;4787;4740;5425;5442;5458;5654;5676;5696;5717
351740 Guaíra;31525;32140;32626;33099;33761;34309;34856;35404;35032;35355;35700;36426;36827;37226;36544;38328;38676;37412;37619;37826;39314;39567;39813;40053
351750 Guapiaçu;10957;11260;11533;11799;13095;13543;13989;14437;14477;14807;15141;15844;16232;16618;16392;17593;17938;17885;18160;18441;19409;19728;20037;20340
351760 Guapiara;18396;18547;18668;18786;19400;19536;19671;19807;19900;20030;20171;20467;20631;20794;20056;20832;20927;17988;17866;17738;18129;18002;17879;17758
351770 Guará;16660;16920;17174;17422;18571;18872;19173;19474;19244;19453;19703;20226;20516;20804;18611;19160;19168;19864;19931;20001;20733;20823;20911;20997
351780 Guaraçaí;8220;8158;8096;8036;9053;9193;9333;9473;8968;9020;9079;9202;9270;9337;8505;8686;8657;8435;8400;8366;8586;8555;8525;8495
351790 Guaraci;7949;8074;8192;8308;8854;8991;9128;9265;8938;9063;9164;9376;9493;9610;9045;9409;9459;9976;10063;10147;10584;10683;10778;10872
351800 Guarani d'Oeste;6706;6668;6617;6568;2060;2092;2123;2155;2027;2042;2058;2093;2113;2132;1963;2018;2017;1969;1968;1965;2023;2021;2020;2018
351810 Guarantã;5490;5447;5406;5366;5577;5581;5584;5588;6836;6488;6565;6726;6815;6903;6410;6652;6680;6400;6411;6417;6629;6640;6651;6662
351820 Guararapes;27172;27607;28024;28431;27842;28041;28239;28437;29085;29296;29507;29948;30193;30435;28662;29589;29639;30600;30732;30862;32023;32187;32346;32502
351830 Guararema;18298;18574;18853;19124;18009;18021;18033;18045;22361;22734;23119;23927;24374;24818;24854;26523;26974;25861;26147;26439;27679;28016;28344;28664
351840 Guaratinguetá;93642;94964;96164;97334;100186;101811;103433;105060;105459;106722;107884;110323;111673;113012;107895;112596;113357;112091;112675;113258;117663;118378;119073;119753
351850 Guareí;8618;8753;8881;9007;8964;9024;9083;9143;10401;10560;10729;11083;11279;11473;13202;14490;14918;14568;14901;15225;16149;16513;16867;17213
351860 Guariba;29736;30714;31534;32333;30700;30919;31137;31356;31319;31542;31755;32200;32447;32692;32664;34217;34508;35491;35824;36151;37747;38128;38499;38861
351870 Guarujá;215042;220244;224804;229250;230394;233805;237206;240620;271902;276301;281634;292828;299023;305171;296150;304274;308058;290607;292744;294669;306683;308989;311230;313421
351880 Guarulhos;808950;831210;850902;870105;1018393;1057068;1095874;1134819;1106064;1132651;1160468;1218862;1251179;1283253;1236192;1279202;1299283;1222357;1233436;1244518;1299249;1312197;1324781;1337087
351885 Guatapará;5935;6070;6191;6310;6147;6188;6229;6269;6442;6491;6546;6662;6727;6791;6217;6386;6382;6966;7012;7056;7341;7394;7446;7496
351890 Guzolândia;5092;5132;5169;5204;4533;4487;4442;4396;4203;4136;4062;3907;3821;3735;4616;4863;4917;4754;4790;4824;5023;5064;5103;5142
351900 Herculândia;6976;6921;6868;6817;7593;7711;7828;7946;8113;8193;8287;8482;8591;8699;8573;9027;9125;8696;8751;8803;9154;9217;9278;9338
351905 Holambra;5597;5758;5910;6062;6935;7173;7411;7649;7453;7587;7762;8128;8331;8532;9111;9951;10224;11292;11613;11917;12707;13046;13375;13698
351907 Hortolândia;89808;93897;97550;101112;123166;129469;135755;142064;159749;166549;173060;186726;194289;201795;190781;201049;205856;192225;195776;198758;209139;212527;215819;219039
351910 Iacanga;7614;7687;7742;7795;8261;8389;8517;8645;8369;8432;8502;8649;8730;8810;9074;9605;9732;10010;10146;10275;10776;10923;11066;11206
351920 Iacri;6980;6923;6870;6819;6608;6542;6475;6409;6742;6729;6704;6652;6623;6595;6677;6875;6879;6419;6392;6365;6530;6505;6481;6457
351925 Iaras;2194;2227;2260;2292;2717;2803;2889;2975;3168;3243;3331;3515;3617;3718;4777;5420;5658;6377;6631;6878;7431;7704;7970;8230
351930 Ibaté;19417;19909;20400;20879;24444;25245;26044;26846;27389;28068;28814;30379;31245;32105;28040;29435;29714;30724;31062;31380;32810;33178;33535;33884
351940 Ibirá;8797;8851;8914;8975;9487;9634;9780;9927;9534;9601;9673;9824;9907;9990;10379;10992;11141;10868;11008;11115;11615;11740;11861;11980
351950 Ibirarema;5537;5611;5650;5689;5754;5792;5830;5869;5714;5738;5756;5792;5813;5833;6617;7097;7235;6725;6804;6880;7203;7290;7376;7459
351960 Ibitinga;38920;39558;40155;40738;43187;43888;44587;45288;47624;48383;49201;50918;51869;52812;49951;52582;53148;53166;53660;54146;56531;57098;57649;58188
351970 Ibiúna;50683;52255;53649;55008;58172;60078;61980;63888;66193;67582;69066;72181;73905;75616;64832;67166;67392;71228;71742;72249;75241;75845;76432;77005
351980 Icém;6220;6197;6241;6284;6762;6866;6971;7076;6855;6913;6979;7117;7193;7269;6429;6553;6524;7462;7515;7567;7877;7938;7997;8055
351990 Iepê;10093;10172;10244;10314;7070;6998;6928;6856;7212;7177;7141;7063;7020;6978;7487;7806;7856;7627;7657;7685;7966;8002;8036;8070
352000 Igaraçu do Tietê;21541;22068;22612;23144;23528;23910;24290;24672;22818;22981;23152;23509;23707;23904;23085;24003;24124;23370;23420;23475;24299;24376;24451;24525
352010 Igarapava;22406;22649;22797;22941;26800;27678;28554;29433;26371;26683;27034;27773;28181;28587;26862;28038;28230;27960;28108;28259;29365;29549;29727;29902
352020 Igaratá;6482;6646;6807;6964;5996;5935;5875;5814;8533;8713;8908;9318;9545;9770;8537;8896;8950;8825;8873;8913;9251;9301;9349;9397
352030 Iguape;26001;26475;26875;27265;26273;26460;26647;26834;27558;27813;27992;28367;28575;28782;28977;30397;30675;28844;28950;29055;30124;30259;30390;30519
352042 Ilha Comprida;2800;2850;2893;2935;3567;3680;3792;3905;7081;7535;7920;8730;9177;9622;8875;9782;10090;9027;9204;9376;9908;10102;10291;10476
352044 Ilha Solteira;21929;22125;22312;22496;22329;22485;22641;22797;24265;24477;24700;25168;25427;25684;24181;25057;25144;25071;25146;25226;26138;26242;26344;26443
352040 Ilhabela;13955;14316;14669;15014;12943;12810;12678;12545;21629;22372;23084;24580;25408;26230;23886;25550;26011;28176;28761;29308;30983;31599;32197;32782
352050 Indaiatuba;104787;108544;111994;115360;127132;131556;135968;140396;152462;156750;161252;170703;175933;181124;173508;180524;183803;201848;205808;209859;222042;226602;231033;235367
352060 Indiana;4656;4684;4712;4739;4770;4802;4834;4865;4972;4997;5027;5091;5126;5161;4682;4772;4751;4828;4817;4809;4951;4946;4941;4936
352070 Indiaporã;4708;4659;4610;4562;4379;4335;4291;4247;3971;3909;3840;3694;3614;3534;3880;3963;3949;3906;3892;3880;3988;3978;3969;3960
352080 Inúbia Paulista;3314;3279;3245;3211;3125;3079;3034;2989;3316;3310;3307;3299;3295;3291;3595;3795;3841;3630;3654;3678;3826;3854;3881;3907
352090 Ipaussu;11497;11572;11648;11721;13335;13790;14245;14702;12694;12794;12906;13141;13272;13401;12964;13521;13608;13746;13749;13831;14383;14483;14579;14674
352100 Iperó;10864;11171;11441;11705;14884;15393;15901;16410;20240;20027;20790;22390;23276;24156;24239;26696;27526;28301;29062;29798;31745;32568;33367;34149
352110 Ipeúna;2777;2848;2916;2982;3470;3580;3689;3799;4517;4685;4846;5182;5369;5554;5164;5570;5691;6016;6145;6270;6638;6778;6914;7047
352115 Ipiguá;-;-;-;-;2775;2849;2923;2997;3673;3716;3827;4060;4190;4318;3925;4184;4253;4459;4539;4613;4858;4941;5022;5101
352120 Iporanga;4564;4510;4462;4416;4773;4805;4837;4868;4558;4551;4546;4535;4529;4524;4603;4772;4789;4302;4279;4260;4369;4351;4333;4316
352130 Ipuã;10428;10520;10595;10668;11209;11391;11572;11754;12054;12189;12336;12647;12819;12989;14344;15522;15883;14146;14323;14492;15184;15378;15567;15752
352140 Iracemápolis;12309;12427;12734;13033;14614;15114;15612;16112;15987;16355;16727;17506;17938;18366;18026;19329;19700;20047;20373;20705;21815;22191;22557;22914
352150 Irapuã;6051;5992;5947;5902;6444;6486;6529;6572;6729;6777;6832;6948;7013;7076;6710;6953;6978;7284;7323;7369;7666;7721;7774;7827
352160 Irapuru;8177;8121;8060;8000;7845;7766;7687;7607;7361;7289;7211;7047;6956;6866;7556;7841;7874;7787;7815;7840;8123;8155;8187;8217
352170 Itaberá;18040;18160;18278;18394;18813;18945;19076;19207;18968;19124;19223;19430;19545;19659;17576;17804;17674;17861;17778;17699;18158;18086;18015;17946
352180 Itaí;18113;18430;18707;18976;17258;17080;16904;16726;21450;21716;22030;22690;23054;23417;22617;23828;24093;24015;24236;24457;25535;25792;26042;26287
352190 Itajobi;13282;13372;13459;13544;13886;13983;14079;14177;14352;14451;14554;14769;14888;15007;14182;14652;14683;14553;14582;14606;15104;15141;15177;15212
352200 Itaju;2331;2306;2281;2258;2230;2198;2166;2133;2673;2697;2724;2781;2813;2844;2624;2709;2714;3263;3293;3338;3505;3556;3606;3655
352210 Itanhaém;47467;48948;50254;51527;60354;62331;64304;66284;75124;77449;79980;85294;88235;91153;80778;85977;87338;87053;88214;89332;93696;94977;96222;97439
352215 Itaóca;3792;3855;3913;3970;3346;3297;3249;3201;3170;3121;3072;2969;2912;2856;3087;3153;3143;3228;3229;3229;3332;3334;3337;3339
352220 Itapecerica da Serra;88161;90983;93410;95776;116319;121502;126672;131860;134499;138952;143253;152283;157280;162239;148728;159102;161983;152380;154374;156077;163363;165327;167236;169103
352230 Itapetininga;103558;105246;106797;108309;114960;117179;119391;121611;128306;130552;132869;137733;140425;143097;138450;146760;148808;144416;145822;147219;153810;155436;157016;158561
352240 Itapeva;74886;76094;77243;78363;79287;80574;81857;83145;83971;84824;85732;87639;88695;89743;85537;89197;89768;87765;88129;88491;91807;92265;92710;93145
352250 Itapevi;112842;117241;121450;125554;139893;145285;150664;156061;169106;173891;179209;190373;196551;202683;193686;201995;205881;200874;203712;206558;217005;220250;223404;226488
352260 Itapira;57526;58533;59417;60280;61979;62985;63988;64995;64563;64806;65469;66861;67632;68396;68187;71850;72657;68365;68934;69317;72048;72514;72967;73410
352265 Itapirapuã Paulista;3231;3207;3183;3160;3090;3046;3001;2956;3616;3643;3674;3739;3775;3811;3723;3890;3919;3884;3904;3926;4081;4109;4135;4161
352270 Itápolis;33637;34190;34707;35211;36962;37561;38160;38760;38320;38738;39197;40160;40693;41222;38633;40196;40411;40064;40228;40399;41920;42135;42343;42547
352280 Itaporanga;14238;14084;13936;13790;14458;14468;14478;14487;14304;14342;14336;14324;14318;14311;14284;14752;14780;14546;14564;14579;15064;15090;15115;15140
352290 Itapuí;9209;9353;9491;9625;10081;10238;10393;10550;10435;10649;10778;11048;11198;11347;11605;12344;12536;12181;12312;12446;13023;13178;13328;13475
352300 Itapura;3762;3882;3940;3996;3821;3845;3870;3894;3842;3856;3864;3881;3891;3900;3812;3935;3941;4360;4397;4436;4629;4674;4717;4760
352310 Itaquaquecetuba;172825;180568;187660;194577;244149;257529;270874;284266;285610;295663;306208;328345;340596;352755;334914;351493;359253;321854;325518;329144;344558;348739;352801;356774
352320 Itararé;42269;42636;42998;43350;45914;46659;47402;48148;47098;47546;48006;48973;49507;50038;48732;51000;51412;47939;48040;48143;49818;49963;50105;50243
352330 Itariri;11781;12004;12184;12360;11688;11696;11704;11711;13831;14035;14231;14642;14869;15095;15115;16048;16284;15471;15614;15752;16441;16602;16759;16913
352340 Itatiba;63598;65490;67237;68941;74473;76914;79348;81791;83246;85311;87220;91228;93447;95648;91479;97462;99047;101450;103028;104533;109907;111620;113284;114912
352350 Itatinga;14195;14560;14919;15270;14033;14131;14229;14327;15643;15799;15963;16306;16497;16685;17570;18761;19085;18052;18253;18446;19297;19520;19738;19951
352360 Itirapina;10207;10514;10768;11017;11239;11422;11604;11786;13144;13443;13724;14315;14642;14967;13889;14655;14829;15528;15731;15930;16709;16938;17160;17377
352370 Itirapuã;5088;5055;5061;5067;5477;5562;5647;5732;5495;5490;5526;5601;5643;5685;5614;5862;5903;5914;5953;5990;6232;6277;6321;6363
352380 Itobi;6902;7010;7112;7213;6808;6812;6817;6822;7548;7610;7676;7816;7894;7971;7444;7692;7708;7545;7553;7559;7807;7819;7831;7842
352390 Itu;110004;112939;115494;117986;126322;129533;132736;135950;138741;141268;144008;149758;152941;156100;147251;155457;157384;154200;155589;156983;163882;165511;167095;168643
352400 Itupeva;18617;19184;19658;20119;21472;22206;22939;23673;27142;27854;28638;30283;31193;32097;36766;40972;42458;44825;46294;47682;51082;52627;54128;55596
352410 Ituverava;33627;34138;34654;35157;34406;34651;34895;35141;36668;36955;37274;37943;38314;38681;38539;40485;40882;38699;38882;39062;40552;40776;40994;41206
352420 Jaborandi;6386;6436;6482;6527;6459;6501;6544;6587;6419;6443;6451;6469;6479;6489;6462;6693;6715;6592;6605;6618;6846;6864;6882;6900
352430 Jaboticabal;60193;61167;62092;62993;64001;65040;66075;67115;68403;69149;69957;71654;72592;73524;69624;72614;73084;71667;71989;72305;75041;75436;75820;76196
352440 Jacareí;168129;172047;175762;179385;168719;169538;170356;171176;194733;197061;199739;205360;208471;211559;207028;210988;212824;211308;212744;214223;223064;224826;226539;228214
352450 Jaci;3200;3164;3130;3098;3297;3318;3339;3360;4079;4302;4388;4568;4668;4767;5008;5427;5556;5657;5776;5890;6233;6361;6486;6609
352460 Jacupiranga;15305;15331;15740;16138;15958;16217;16475;16734;17310;17590;17845;18380;18676;18970;16112;16403;16322;17196;17221;17234;17801;17826;17851;17876
352470 Jaguariúna;23328;23995;24636;25260;26422;27288;28151;29018;30293;31072;31757;33194;33989;34779;36804;40066;41107;44331;45441;46533;49497;50719;51907;53069
352480 Jales;43595;44284;44953;45606;44640;45364;46087;46812;46769;47200;47671;48659;49206;49749;47649;49681;49996;47012;47076;47137;48724;48825;48922;49017
352490 Jambeiro;3309;3329;3349;3368;3483;3506;3528;3550;4080;4141;4210;4355;4435;4515;4968;5409;5550;5350;5454;5554;5868;5981;6092;6200
352500 Jandira;64617;66608;68385;70117;78387;80956;83518;86089;95285;97932;100775;106742;110045;113323;103578;110325;112130;108436;109614;110842;116041;117457;118832;120177
352510 Jardinópolis;24553;24946;25320;25685;24824;25001;25177;25354;31533;32119;32764;34118;34868;35612;34611;36872;37471;37725;38194;38708;40640;41228;41799;42358
352520 Jarinu;11220;11503;11787;12064;12903;13344;13784;14226;18512;18338;18940;20203;20902;21596;20611;22301;22822;23827;24370;24875;26353;26921;27473;28012
352530 Jaú;95830;97354;98825;100259;105966;107968;109965;111969;113952;115889;117645;121333;123374;125399;125469;133469;135546;131068;132494;133900;140077;141703;143283;144828
352540 Jeriquara;3308;3360;3410;3459;3191;3144;3098;3052;3279;3287;3290;3296;3299;3303;3153;3225;3216;3168;3151;3142;3230;3223;3216;3209
352550 Joanópolis;8251;8316;8375;8432;9597;9927;10256;10586;10658;10877;11094;11550;11802;12052;10671;11107;11169;11771;11873;11974;12492;12610;12725;12837
352560 João Ramalho;3078;3097;3115;3133;3759;3878;3996;4115;3936;4007;4084;4245;4334;4423;4092;4301;4344;4138;4174;4197;4361;4389;4416;4442
352570 José Bonifácio;23856;24096;24301;24499;26255;26681;27106;27533;29200;29780;30275;31314;31889;32460;30639;32219;32551;32774;33074;33375;34846;35197;35538;35872
352580 Júlio Mesquita;3803;3756;3717;3678;3976;4001;4027;4052;4203;4234;4266;4332;4368;4405;4318;4508;4539;4430;4451;4470;4639;4663;4687;4710
352585 Jumirim;-;-;-;-;1876;1937;1998;2060;2265;2320;2377;2497;2564;2630;2205;2283;2290;2801;2845;2889;3042;3092;3142;3190
352590 Jundiaí;291302;294444;296795;299088;294396;295263;296127;296994;326915;330578;333910;340907;344779;348621;342983;347738;349929;370251;373713;377183;393920;397965;401896;405740
352600 Junqueirópolis;17491;17306;17123;16944;15771;15609;15447;15285;16913;16857;16788;16644;16565;16485;18628;19715;19976;18726;18859;18986;19765;19918;20066;20211
352610 Juquiá;17103;17201;17313;17423;19050;19359;19667;19977;20877;21265;21613;22344;22748;23149;19352;19688;19585;19269;19149;19055;19535;19446;19359;19274
352620 Juquitiba;20464;21116;21637;22146;22277;22638;22999;23361;27278;27825;28458;29789;30525;31256;27777;29090;29335;28732;28912;29081;30239;30443;30642;30837
352630 Lagoinha;4671;4697;4725;4752;5196;5277;5357;5437;4998;5025;5056;5122;5159;5195;4798;4917;4909;4840;4833;4824;4966;4960;4954;4949
352640 Laranjal Paulista;19451;19797;20094;20384;21123;21466;21807;22150;22442;22776;23069;23685;24025;24363;24454;25930;26296;25246;25490;25721;26853;27122;27384;27640
352650 Lavínia;5392;5348;5307;5268;5130;5078;5027;4975;5100;5067;5037;4974;4939;4905;7984;9050;9445;8782;9060;9330;9995;10297;10590;10876
352660 Lavrinhas;4761;4833;4905;4976;5705;5901;6096;6293;6172;6289;6419;6692;6844;6994;6543;6915;7002;6586;6635;6678;6950;7002;7052;7102
352670 Leme;70416;72470;74403;76288;80959;83612;86259;88914;82167;83396;84621;87192;88615;90027;84406;88299;88995;91804;92601;93417;97505;98460;99388;100296
352680 Lençóis Paulista;45608;46386;47087;47770;52913;54648;56377;58113;56276;57188;58184;60275;61432;62580;59366;62594;63314;61454;61919;62393;65026;65587;66131;66664
352690 Limeira;212481;217489;221905;226211;235978;240743;245497;250267;253649;257731;261761;270223;274906;279554;272734;278776;281583;276010;278093;280096;291748;294128;296440;298701
352700 Lindóia;4197;4258;4322;4384;5124;5300;5476;5652;5456;5586;5705;6021;6161;6300;5657;5924;5974;6708;6814;6912;7265;7377;7485;7591
352710 Lins;59810;59721;60227;60721;61304;61741;62176;62614;66856;67498;68215;69721;70554;71382;69279;72568;73183;71493;71853;72260;75117;75612;76092;76562
352720 Lorena;74482;75662;76806;77921;73918;74445;74970;75497;78778;79624;80382;81973;82854;83728;79317;82391;82770;82553;82887;83224;86337;86764;87178;87584
352725 Lourdes;1644;1628;1611;1595;2064;2129;2194;2259;2049;2079;2112;2182;2221;2259;1974;2031;2032;2123;2138;2147;2227;2238;2249;2260
352730 Louveira;16737;17193;17617;18031;18422;18721;19019;19318;24917;25511;26258;27825;28692;29553;29760;32406;33251;37153;38140;39122;41700;42796;43862;44904
352740 Lucélia;19426;19567;19695;19819;17064;16888;16714;16539;18358;18420;18468;18569;18625;18681;19212;20117;20284;19885;20003;20119;20918;21059;21196;21330
352750 Lucianópolis;2309;2301;2277;2253;2251;2218;2186;2153;2128;2112;2092;2051;2029;2006;2299;2418;2443;2255;2257;2264;2345;2355;2364;2372
352760 Luís Antônio;6009;6169;6318;6464;7176;7423;7669;7916;7316;7438;7567;7837;7987;8136;10272;11489;11924;11286;11603;11910;12704;13046;13378;13703
352770 Luiziânia;4187;4212;4238;4262;3989;3931;3874;3816;4285;4299;4310;4334;4347;4360;4763;5061;5138;5030;5089;5145;5384;5449;5511;5573
352780 Lupércio;4097;4136;4161;4185;3903;3847;3791;3734;4237;4261;4276;4306;4323;4339;4238;4384;4396;4353;4363;4372;4523;4536;4549;4561
352790 Lutécia;2609;2580;2553;2527;2703;2721;2738;2755;2927;2951;2976;3029;3058;3087;2794;2861;2855;2703;2700;2687;2754;2741;2729;2717
352800 Macatuba;13698;13928;14137;14340;16698;17269;17839;18410;16034;16233;16456;16924;17183;17440;16173;16842;16939;16246;16298;16336;16909;16961;17013;17063
352810 Macaubal;7443;7497;7550;7602;7156;7084;7012;6940;7145;7386;7387;7388;7388;7389;7396;7652;7672;7663;7685;7705;7978;8006;8033;8060
352820 Macedônia;3903;3866;3826;3786;3550;3499;3448;3396;3738;3720;3701;3661;3639;3617;3411;3430;3393;3664;3657;3650;3756;3751;3746;3741
352830 Magda;3705;3728;3750;3772;3546;3495;3444;3393;3390;3367;3342;3289;3259;3230;3154;3187;3160;3200;3184;3167;3246;3230;3215;3200
352840 Mairinque;30356;31286;32120;32933;32977;33512;34046;34582;40945;42190;43218;45376;46570;47756;41508;43349;43658;43225;43473;43714;45436;45729;46015;46294
352850 Mairiporã;41239;42428;43560;44664;51902;53603;55300;57002;62136;64356;66326;70461;72750;75022;71754;77443;79155;80920;82556;84104;88883;90627;92323;93981
352860 Manduri;7492;7687;7873;8055;7096;7024;6953;6881;8381;8480;8577;8781;8894;9006;8651;9051;9123;8999;9048;9101;9464;9529;9592;9653
352870 Marabá Paulista;3459;3415;3379;3344;3715;3739;3763;3786;3717;3742;3762;3804;3827;3851;5193;5787;5996;4812;4898;4981;5251;5345;5435;5524
352880 Maracaí;12660;12893;13086;13274;12662;12750;12838;12927;13035;13117;13169;13280;13340;13401;13163;13655;13710;13344;13358;13382;13842;13878;13913;13948
352885 Marapoama;1848;1861;1873;1885;1991;2024;2056;2088;2282;2323;2362;2445;2490;2536;2556;2731;2780;2633;2664;2693;2818;2852;2885;2917
352890 Mariápolis;4300;4254;4209;4165;3832;3776;3721;3665;3793;3749;3701;3598;3542;3486;3786;3896;3896;3916;3921;3926;4057;4064;4072;4079
352900 Marília;164355;167838;170877;173841;181742;185221;188691;192174;201574;204957;208492;215911;220017;224093;218113;223454;225938;216684;218229;219664;228618;230336;232006;233639
352910 Marinópolis;2092;2092;2094;2096;2256;2293;2329;2366;2205;2218;2228;2250;2262;2274;2114;2163;2158;2113;2107;2101;2160;2155;2150;2145
352920 Martinópolis;19688;19716;19736;19755;21778;22132;22484;22838;22672;22908;23169;23717;24021;24322;23983;25256;25533;24260;24363;24502;25473;25641;25805;25966
352930 Matão;65711;67581;69384;71142;69845;70978;72109;73244;72746;73466;74261;75929;76853;77769;74407;77682;78222;76799;77173;77546;80528;80990;81439;81878
352940 Mauá;302550;310161;317050;323769;354856;364968;375055;385178;371475;377782;384461;398482;406242;413943;402643;412753;417458;417281;421184;425169;444136;448776;453286;457696
352950 Mendonça;3434;3422;3386;3351;3290;3242;3195;3147;3784;3813;3838;3891;3921;3950;3980;4177;4217;4640;4708;4774;5014;5089;5161;5232
352960 Meridiano;3791;3792;3796;3799;3497;3447;3396;3346;4055;4076;4099;4149;4176;4203;3857;3941;3929;3851;3842;3830;3934;3923;3912;3902
352965 Mesópolis;1991;1976;1961;1947;2013;2015;2016;2017;1920;1913;1905;1889;1880;1871;1768;1784;1767;1886;1883;1880;1935;1933;1931;1928
352970 Miguelópolis;17725;18001;18271;18534;19030;19338;19646;19955;19202;19358;19516;19846;20029;20210;19972;20918;21095;20442;20561;20668;21471;21602;21728;21852
352980 Mineiros do Tietê;9741;10000;10242;10479;11484;11876;12268;12661;11650;11819;12009;12407;12627;12846;11760;12258;12334;12042;12087;12133;12583;12642;12700;12757
353000 Mira Estrela;2686;2703;2719;2735;2592;2554;2517;2479;2587;2581;2574;2560;2552;2544;2576;2659;2663;2827;2838;2854;2968;2988;3007;3027
352990 Miracatu;19103;19246;19372;19494;21429;21776;22123;22471;22774;23101;23434;24134;24521;24906;22796;23688;23801;20595;20455;20322;20790;20660;20533;20409
353010 Mirandópolis;24677;24898;25109;25315;25234;25414;25594;25774;26112;26252;26399;26707;26878;27047;25849;26705;26761;27475;27602;27717;28758;28902;29043;29181
353020 Mirante do Paranapanema;14989;14834;14677;14524;16139;16252;16364;16477;16335;16431;16532;16744;16861;16977;17128;17967;18131;17064;17124;17187;17820;17901;17979;18056
353030 Mirassol;40554;41737;42850;43936;44708;45434;46157;46884;49420;50229;51112;52966;53991;55009;51660;54350;54920;53809;54212;54618;56910;57390;57857;58314
353040 Mirassolândia;3041;3060;3079;3096;3547;3659;3771;3883;3832;3893;3963;4111;4193;4274;4099;4338;4396;4295;4338;4379;4574;4622;4668;4714
353050 Mococa;59461;60382;61295;62184;65058;66114;67167;68224;66409;67089;67792;69268;70085;70896;66086;68481;68718;66303;66345;66399;68590;68695;68797;68897
353060 Mogi das Cruzes;279964;285955;291761;297424;322537;330876;339194;347542;336618;342248;347821;359519;365993;372419;362991;371372;375268;387241;392196;396468;414907;419839;424633;429321
353070 Mogi Guaçu;103599;106183;108637;111030;117979;120884;123782;126691;127001;129162;131451;136258;138918;141559;131870;138494;139836;137286;138245;139211;144963;146114;147233;148327
353080 Mogi Mirim;65914;66981;67993;68980;78371;80939;83501;86072;83412;84984;86616;90042;91938;93820;84176;87800;88373;86244;86892;87266;90558;91027;91483;91929
353090 Mombuca;2565;2538;2512;2486;2885;2932;2979;3026;3162;3214;3264;3369;3427;3484;3280;3440;3471;3266;3279;3291;3411;3426;3441;3456
353100 Monções;2092;2060;2039;2017;1985;1956;1928;1899;2048;2044;2039;2028;2022;2016;2054;2124;2129;2134;2138;2144;2219;2227;2235;2242
353110 Mongaguá;19533;20119;20616;21100;28155;29078;29998;30922;37080;38480;40049;43344;45167;46977;40423;43284;44087;46310;47153;47984;50641;51580;52492;53384
353120 Monte Alegre do Sul;5474;5525;5564;5603;6118;6213;6307;6402;6432;6507;6593;6774;6874;6973;6957;7371;7473;7148;7216;7278;7593;7665;7736;7804
353130 Monte Alto;40459;41109;41730;42336;43555;44262;44967;45674;44064;44427;44805;45599;46038;46474;44085;45719;45895;46647;46875;47100;48907;49186;49456;49721
353140 Monte Aprazível;17642;17759;17875;17988;18250;18377;18504;18632;18523;18604;18693;18879;18982;19085;19745;20789;21015;21748;22002;22250;23294;23579;23857;24128
353150 Monte Azul Paulista;18230;18715;19177;19627;19480;19796;20112;20428;19776;19943;20124;20505;20715;20924;19187;19739;19741;18931;18884;18838;19376;19339;19304;19268
353160 Monte Castelo;4667;4611;4563;4515;4149;4089;4029;3969;4012;3957;3895;3766;3695;3624;4014;4130;4131;4063;4062;4060;4187;4187;4188;4189
353180 Monte Mor;26349;27153;27878;28584;32091;33143;34192;35245;38529;39819;40969;43384;44721;46047;42824;45811;46641;48971;49841;50702;53488;54462;55409;56335
353170 Monteiro Lobato;3436;3495;3547;3598;3275;3228;3180;3133;3618;3664;3687;3736;3762;3789;3994;4235;4295;4123;4159;4197;4381;4424;4467;4509
353190 Morro Agudo;21631;21978;22308;22629;23731;24116;24500;24885;25906;26306;26714;27570;28044;28514;25390;26245;26305;29127;29400;29673;30991;31310;31620;31923
353200 Morungaba;8342;8484;8609;8730;10066;10412;10757;11103;10129;10269;10435;10784;10977;11168;12007;12999;13305;11775;11912;12050;12621;12779;12934;13085
353205 Motuca;3367;3428;3487;3545;3716;3777;3837;3897;3942;3991;4047;4164;4229;4294;4340;4618;4691;4290;4323;4354;4534;4571;4607;4642
353210 Murutinga do Sul;3739;3696;3658;3620;3581;3529;3477;3426;3985;4011;4029;4068;4089;4111;4091;4264;4290;4186;4203;4219;4375;4395;4415;4434
353215 Nantes;-;-;-;-;2202;2180;2157;2135;2257;2246;2235;2213;2201;2188;2483;2627;2662;2707;2741;2774;2905;2943;2979;3014
353220 Narandiba;3101;3067;3035;3003;3931;4055;4178;4303;3815;3870;3929;4053;4122;4190;3941;4131;4167;4289;4330;4371;4564;4611;4657;4702
353230 Natividade da Serra;6403;6352;6304;6257;6817;6863;6908;6953;7004;7056;7104;7205;7261;7317;7275;7613;7674;6681;6657;6637;6821;6803;6786;6770
353240 Nazaré Paulista;11997;12341;12646;12943;12015;12099;12183;12267;14711;14986;15254;15815;16126;16434;14613;15168;15232;16413;16568;16717;17451;17625;17794;17959
353250 Neves Paulista;8384;8445;8505;8563;8489;8545;8601;8657;8987;9032;9090;9212;9279;9346;8825;9102;9114;8777;8762;8752;9017;9012;9008;9003
353260 Nhandeara;10370;10368;10380;10391;9841;9742;9643;9543;10179;10163;10148;10118;10101;10084;10334;10726;10771;10725;10766;10806;11203;11254;11303;11351
353270 Nipoã;2787;2833;2850;2867;3329;3434;3539;3644;3318;3366;3412;3509;3562;3615;3762;4029;4103;4274;4352;4427;4669;4753;4835;4916
353280 Nova Aliança;4147;4099;4056;4014;4267;4295;4322;4349;4835;4889;4945;5062;5128;5192;4905;5110;5140;5891;5978;6061;6367;6462;6555;6645
353282 Nova Campina;5311;5397;5479;5559;5777;5866;5955;6045;7551;7732;7935;8361;8596;8830;8474;9091;9267;8515;8609;8700;9100;9205;9307;9406
353284 Nova Canaã Paulista;2709;2696;2675;2656;2416;2381;2346;2311;2450;2429;2404;2351;2321;2292;2205;2203;2172;2114;2086;2059;2087;2059;2032;2005
353286 Nova Castilho;-;-;-;-;959;966;972;979;999;1003;1008;1020;1026;1032;1057;1111;1122;1127;1136;1146;1195;1206;1217;1228
353290 Nova Europa;5474;5561;5642;5722;7068;7311;7553;7796;7539;7712;7900;8295;8514;8731;9047;9840;10092;9301;9453;9601;10108;10276;10439;10599
353300 Nova Granada;15137;15403;15634;15860;16809;17082;17354;17627;17283;17467;17675;18110;18351;18591;17739;18543;18683;19178;19346;19507;20346;20534;20717;20896
353310 Nova Guataporanga;2108;2085;2063;2041;2136;2137;2138;2140;2081;2077;2073;2063;2058;2053;2101;2176;2184;2178;2184;2191;2270;2279;2288;2296
353320 Nova Independência;2009;2021;2033;2045;2179;2214;2249;2285;2066;2078;2084;2098;2106;2114;2480;2681;2742;3072;3146;3220;3423;3507;3588;3667
353330 Nova Luzitânia;2725;2793;2860;2925;2752;2769;2787;2805;2768;2771;2781;2802;2814;2825;3403;3701;3795;3441;3495;3546;3728;3787;3843;3899
353340 Nova Odessa;35211;36188;37153;38094;38155;38775;39392;40012;43049;43756;44538;46180;47088;47990;45625;48170;48754;51278;51946;52627;55229;56008;56764;57504
353325 Novais;3110;3134;3155;3175;3264;3285;3305;3326;3230;3253;3267;3294;3310;3325;3661;3908;3974;4595;4697;4799;5089;5202;5313;5421
353350 Novo Horizonte;30762;31025;31288;31545;31502;31727;31951;32175;32662;32850;33044;33451;33676;33900;34264;35942;36271;36612;36913;37222;38828;39191;39543;39888
353360 Nuporanga;5834;5881;5923;5963;6233;6330;6426;6523;6373;6418;6469;6576;6635;6693;6629;6945;7004;6817;6856;6894;7164;7210;7255;7299
353370 Ocauçu;4244;4213;4169;4126;4472;4502;4531;4561;4143;4133;4119;4089;4072;4055;4180;4328;4341;4163;4163;4163;4296;4299;4302;4305
353380 Óleo;2768;2738;2709;2681;2846;2864;2882;2900;3011;3035;3053;3093;3115;3137;2714;2729;2699;2673;2649;2625;2676;2652;2628;2605
353390 Olímpia;44229;45583;46799;47985;45260;45582;45904;46227;46361;46667;46970;47607;47959;48309;48020;50215;50602;49792;50332;50630;52650;53010;53360;53702
353400 Onda Verde;2913;2986;3058;3127;2941;2960;2979;2998;3485;3536;3593;3713;3779;3845;3736;3953;4005;3884;3921;3956;4128;4169;4209;4248
353410 Oriente;6852;6911;6960;7008;5701;5644;5586;5529;5770;5691;5601;5412;5308;5205;6079;6341;6382;6097;6120;6141;6366;6394;6421;6447
353420 Orindiúva;3110;3215;3292;3367;3683;3800;3916;4032;4295;4396;4504;4733;4860;4985;4916;5294;5406;5678;5792;5904;6244;6370;6493;6614
353430 Orlândia;31786;32396;32886;33363;34830;35395;35959;36524;36555;36990;37447;38408;38939;39467;36149;37422;37534;39781;40071;40352;42020;42354;42678;42996
353440 Osasco;575181;584140;591370;598422;636548;648091;659604;671159;661155;670345;678583;695879;705450;714950;701012;713066;718646;666469;667826;668877;691652;693271;694844;696382
353450 Oscar Bressane;2504;2475;2449;2423;2459;2423;2388;2352;2554;2556;2558;2562;2565;2567;2476;2540;2536;2539;2536;2535;2614;2614;2615;2615
353460 Osvaldo Cruz;29208;29468;29718;29962;30032;30246;30459;30673;29723;29802;29873;30023;30105;30188;30150;31317;31461;30917;31015;31109;32229;32353;32475;32593
353470 Ourinhos;78295;79148;80139;82002;90375;93337;96291;99255;95861;97421;99071;102533;104448;106350;98868;103631;104542;103026;103739;104420;108674;109489;110282;111056
353480 Ouro Verde;7221;7330;7438;7542;6894;6824;6755;6686;7153;7160;7165;7176;7182;7189;7668;8074;8162;7794;7851;7899;8216;8274;8330;8386
353475 Ouroeste;-;-;-;-;5544;5630;5716;5802;6455;6573;6705;6981;7134;7286;7035;7482;7598;8406;8568;8725;9215;9392;9564;9733
353490 Pacaembu;12222;12084;11956;11832;11254;11138;11023;10907;12528;12550;12565;12596;12614;12631;13072;13672;13778;12934;13281;13333;13829;13896;13961;14024
353500 Palestina;8900;8863;8796;8730;8762;8673;8585;8497;9108;9119;9127;9146;9156;9166;10428;11153;11354;11052;11201;11346;11904;12070;12231;12388
353510 Palmares Paulista;7544;7733;7921;8103;9756;10092;10426;10762;8574;8672;8781;9010;9136;9262;10508;11444;11742;10938;11126;11312;11922;12132;12336;12536
353520 Palmeira d'Oeste;10774;10701;10588;10478;10338;10231;10126;10019;10245;10190;10129;10000;9929;9858;9634;9771;9706;9584;9528;9473;9700;9647;9596;9545
353530 Palmital;18797;18955;19079;19199;19901;20040;20179;20318;20944;21126;21323;21736;21965;22193;21298;22190;22323;21257;21224;21260;21987;22041;22094;22146
353540 Panorama;12707;13052;13374;13688;12822;12911;13001;13090;13804;13924;14051;14319;14467;14614;13944;14502;14577;14603;14655;14725;15288;15374;15458;15539
353550 Paraguaçu Paulista;34925;35951;36910;37845;38295;38917;39536;40159;40321;40834;41398;42582;43238;43889;42117;44249;44685;42281;42483;42680;44310;44555;44794;45027
353560 Paraibuna;14989;15108;15206;15303;14009;13865;13722;13578;17250;17455;17661;18096;18336;18574;16456;16863;16833;17384;17418;17446;18040;18083;18125;18166
353570 Paraíso;4819;4894;4967;5039;5657;5851;6045;6240;5514;5575;5643;5786;5865;5943;5559;5785;5816;5907;5934;5969;6207;6249;6290;6330
353580 Paranapanema;12898;12982;13067;13150;12312;12185;12059;11933;15820;16081;16346;16902;17210;17516;16667;17558;17752;17810;17985;18155;18965;19164;19357;19545
353590 Paranapuã;3734;3706;3678;3650;3826;3850;3875;3899;3615;3604;3590;3563;3547;3532;3614;3732;3739;3815;3830;3843;3983;4001;4018;4035
353600 Parapuã;11284;11158;11041;10926;10594;10485;10376;10267;11076;11038;11007;10943;10907;10872;11029;11383;11402;10844;10825;10805;11124;11110;11098;11085
353610 Pardinho;3481;3561;3614;3666;4226;4359;4492;4625;4896;5003;5129;5393;5539;5684;5030;5285;5337;5582;5648;5711;5979;6051;6122;6191
353620 Pariquera-Açu;13269;13356;13443;13528;16475;17039;17601;18164;18196;18593;19031;19950;20459;20964;18079;18815;18918;18453;18508;18567;19239;19316;19391;19465
353625 Parisi;1539;1567;1590;1614;1657;1684;1710;1737;2003;2039;2081;2170;2219;2268;2038;2132;2149;2032;2039;2045;2118;2126;2134;2142
353630 Patrocínio Paulista;9789;9869;9939;10007;10691;10864;11037;11211;11627;11774;11940;12289;12482;12673;12183;12811;12943;13002;13122;13240;13821;13959;14093;14223
353640 Paulicéia;4279;4388;4493;4595;4315;4342;4370;4397;5434;5543;5655;5889;6019;6148;5506;5750;5791;6342;6419;6496;6807;6895;6981;7065
353650 Paulínia;37798;38996;40036;41050;46220;47735;49246;50762;53027;54402;55830;58827;60486;62132;73014;81544;84577;82150;84512;86800;92668;95221;97702;100128
353657 Paulistânia;-;-;-;-;1594;1606;1617;1628;1816;1833;1858;1910;1939;1967;1824;1898;1909;1778;1779;1779;1836;1837;1839;1840
353660 Paulo de Faria;8447;8597;8723;8846;8578;8635;8692;8749;8490;8504;8519;8550;8568;8585;8942;9378;9463;8589;8598;8607;8893;8909;8924;8939
353670 Pederneiras;32497;33123;33623;34111;34584;35145;35705;36267;37154;37580;38029;38970;39492;40009;40270;42661;43245;41530;41872;42235;44073;44498;44910;45314
353680 Pedra Bela;5185;5224;5261;5297;5146;5150;5153;5157;5661;5707;5753;5849;5902;5954;5835;6097;6142;5780;5794;5806;6009;6027;6044;6062
353690 Pedranópolis;3066;3035;3003;2972;2821;2780;2739;2699;2684;2656;2620;2544;2502;2460;2734;2827;2834;2561;2545;2532;2595;2582;2570;2558
353700 Pedregulho;13838;13929;14020;14108;15083;15328;15572;15817;15135;15260;15384;15643;15787;15929;15156;15717;15777;15699;15755;15807;16382;16450;16517;16582
353710 Pedreira;28255;28934;29372;29798;33174;34261;35346;36434;36135;36744;37452;38937;39759;40575;38152;40269;40752;41549;42045;42516;44509;45052;45579;46094
353715 Pedrinhas Paulista;2603;2622;2641;2659;2594;2595;2597;2599;2895;2920;2947;3004;3036;3067;2834;2923;2927;2936;2947;2952;3054;3062;3071;3079
353720 Pedro de Toledo;7936;8098;8217;8333;7602;7526;7449;7373;9343;9471;9603;9880;10033;10186;9692;10163;10254;10213;10283;10358;10791;10880;10967;11053
353730 Penápolis;48955;49946;50701;51437;52433;53284;54133;54984;55346;55971;56591;57893;58613;59328;56681;59183;59597;58529;58808;59096;61371;61726;62071;62409
353740 Pereira Barreto;25841;26070;26292;26506;25177;25022;24868;24714;24959;24911;24857;24743;24680;24618;24220;24821;24777;24959;24957;24953;25742;25755;25767;25779
353750 Pereiras;4513;4598;4667;4734;5484;5672;5860;6049;6478;6600;6774;7139;7341;7541;7347;7910;8076;7468;7549;7640;8006;8111;8213;8312
353760 Peruíbe;34035;34817;35746;36652;43065;44477;45884;47297;53669;55381;57205;61034;63153;65256;54457;57151;57686;59793;60412;61030;63815;64531;65226;65907
353770 Piacatu;4486;4436;4390;4344;4674;4705;4736;4767;4636;4643;4651;4669;4679;4689;5093;5398;5472;5287;5338;5387;5626;5683;5739;5793
353780 Piedade;44316;45080;45761;46426;40936;40685;40434;40183;50922;51509;52149;53492;54235;54972;48430;49607;49508;52214;52298;52447;54323;54523;54717;54907
353790 Pilar do Sul;20100;20608;21116;21612;24140;24965;25788;26615;24497;24886;25322;26236;26742;27244;26457;28058;28455;26411;26595;26778;27880;28097;28309;28516
353800 Pindamonhangaba;104823;107584;110093;112539;116898;119404;121904;124413;128627;131068;133408;138320;141039;143737;135682;142997;144613;147034;148605;150162;157062;158864;160614;162327
353810 Pindorama;12564;12796;12988;13175;13370;13587;13803;14021;13193;13264;13335;13486;13569;13652;14345;15178;15377;15043;15188;15331;16013;16180;16342;16501
353820 Pinhalzinho;8541;8715;8843;8967;10512;10871;11229;11589;11283;11523;11772;12296;12585;12873;11817;12451;12591;13104;13268;13425;14067;14247;14423;14595
353830 Piquerobi;3231;3194;3160;3128;3377;3398;3420;3441;3504;3522;3543;3586;3610;3633;3599;3756;3781;3541;3542;3546;3665;3672;3679;3686
353850 Piquete;14867;14964;15061;15157;15225;15331;15437;15544;15231;15295;15339;15431;15483;15533;14475;14766;14709;14107;14024;13942;14278;14199;14123;14048
353860 Piracaia;19665;20090;20586;21070;20642;20976;21310;21646;23476;24262;24686;25578;26071;26561;22335;22815;22740;25139;25252;25384;26371;26532;26688;26841
353870 Piracicaba;284905;290641;295578;300714;308913;314015;319104;324211;334402;339772;344698;355039;360762;366442;358108;365440;368843;364872;367290;369919;385287;388412;391449;394419
353880 Piraju;26539;26973;27381;27778;26630;26820;27009;27199;28091;28280;28458;28831;29038;29243;28228;29282;29398;28489;28520;28563;29532;29599;29664;29728
353890 Pirajuí;18605;18401;18207;18017;17871;17688;17505;17321;20124;20361;20485;20745;20888;21031;21035;22014;22192;22724;22905;23098;24098;24325;24546;24762
353900 Pirangi;10040;10197;10346;10492;10109;10180;10251;10321;10060;10074;10091;10126;10145;10164;10315;10744;10807;10623;10668;10712;11112;11167;11220;11272
353910 Pirapora do Bom Jesus;8201;8404;8608;8806;10941;11315;11688;12062;12876;13329;13762;14672;15176;15676;14370;15410;15706;15727;15990;16238;17091;17372;17646;17913
353920 Pirapozinho;21157;21298;21437;21572;22146;22301;22455;22610;22237;22338;22447;22675;22801;22926;23709;24964;25236;24718;24893;25086;26146;26374;26594;26810
353930 Pirassununga;57754;58698;59585;60450;63943;64981;66015;67054;65848;66572;67365;69029;69950;70864;67787;70912;71470;70138;70482;70869;73656;74128;74587;75035
353940 Piratininga;9546;9498;9426;9355;10086;10157;10227;10298;10683;10779;10870;11060;11165;11270;11287;11868;11989;12072;12187;12297;12839;12968;13093;13216
353950 Pitangueiras;30460;31329;32165;32980;30114;30603;31091;31580;31813;32020;32421;33262;33728;34190;33329;35070;35441;35314;35626;35934;37499;37860;38211;38554
353960 Planalto;3467;3440;3414;3388;3172;3126;3080;3034;3690;3706;3723;3759;3778;3798;4014;4247;4302;4472;4524;4583;4808;4876;4941;5005
353970 Platina;2881;2925;2969;3012;2993;3012;3031;3050;2872;2875;2879;2886;2891;2895;3167;3359;3407;3192;3217;3242;3378;3406;3434;3461
353980 Poá;78813;81061;83224;85332;86434;87837;89236;90640;98109;99904;101808;105805;108017;110213;104904;111016;112481;106033;106797;107556;112015;112917;113793;114650
353990 Poloni;4444;4424;4377;4332;4775;4807;4839;4870;4799;4826;4850;4901;4929;4957;4880;5074;5100;5395;5443;5489;5726;5780;5833;5884
354000 Pompéia;17325;17487;17601;17712;17021;16846;16671;16497;18270;18368;18459;18651;18757;18862;19091;19998;20168;19963;20102;20235;21060;21220;21375;21526
354010 Pongaí;3594;3589;3592;3595;3484;3434;3384;3333;3705;3717;3728;3750;3763;3776;3473;3530;3510;3479;3465;3449;3537;3523;3508;3494
354020 Pontal;23481;24115;24710;25291;28000;28918;29833;30751;30497;31128;31799;33209;33989;34763;35560;38409;39272;40245;41055;41840;44236;45119;45978;46818
354025 Pontalinda;3202;3253;3302;3350;3306;3327;3348;3369;3586;3622;3660;3741;3786;3830;3906;4142;4200;4074;4116;4155;4341;4388;4433;4476
354030 Pontes Gestal;2987;3005;3023;3040;2502;2466;2430;2394;2490;2449;2408;2320;2272;2224;2487;2557;2557;2523;2517;2515;2593;2593;2593;2593
354040 Populina;4622;4567;4519;4472;4389;4344;4300;4256;4417;4403;4381;4336;4310;4285;4201;4275;4253;4223;4206;4189;4299;4284;4269;4254
354050 Porangaba;5657;5695;5735;5774;5813;5851;5890;5928;6754;6872;6975;7189;7308;7426;8069;8739;8946;8333;8455;8579;9021;9162;9299;9434
354060 Porto Feliz;38080;39240;40287;41307;44448;45904;47357;48815;46498;47319;48157;49915;50888;51854;46054;47774;47964;48914;49153;49404;51320;51628;51928;52221
354070 Porto Ferreira;39657;40893;41984;43048;45661;47157;48650;50147;48357;49319;50193;52026;53041;54048;48760;50791;51090;51407;51705;51999;54056;54413;54761;55100
354075 Potim;9889;10029;10156;10280;12988;13432;13874;14319;14066;14416;14793;15583;16020;16454;18143;20026;20668;19413;19842;20272;21501;21984;22453;22911
354080 Potirendaba;11280;11364;11438;11511;11834;11916;11999;12082;13621;14173;14412;14916;15194;15471;14327;15003;15128;15453;15587;15720;16401;16557;16709;16857
354085 Pracinha;-;-;-;-;1402;1388;1373;1359;1425;1424;1421;1414;1410;1407;2667;3102;3271;2863;2968;3074;3315;3433;3547;3659
354090 Pradópolis;10037;10200;10349;10495;12353;12775;13196;13619;13279;13552;13849;14473;14818;15160;15148;16287;16619;17404;17720;18052;19077;19450;19814;20169
354100 Praia Grande;128615;133257;137694;142020;157094;162772;168434;174116;200199;208329;215174;229542;237494;245386;233806;244533;249551;260769;267307;272390;287967;293695;299261;304705
354105 Pratânia;-;-;-;-;3653;3712;3771;3831;4025;4083;4145;4274;4346;4417;4309;4555;4614;4599;4649;4697;4912;4967;5021;5074
354110 Presidente Alves;4451;4402;4356;4311;4011;3953;3895;3837;4283;4278;4259;4221;4200;4179;4346;4502;4517;4123;4109;4094;4205;4192;4179;4167
354120 Presidente Bernardes;13466;13604;13692;13778;12064;11940;11816;11692;14791;14926;15048;15305;15448;15589;14788;15327;15382;13544;13487;13406;13724;13645;13568;13494
354130 Presidente Epitácio;35469;36050;36595;37126;37011;37274;37537;37801;39817;40234;40668;41580;42084;42585;39403;40775;40891;41324;41474;41624;43155;43348;43535;43718
354140 Presidente Prudente;167966;170349;172559;174715;180330;182838;185340;187851;192004;194173;196488;201347;204036;206704;202789;206164;207725;207625;209025;210393;218960;220599;222192;223749
354150 Presidente Venceslau;36779;37363;37927;38478;35765;35546;35327;35108;37530;37605;37725;37977;38116;38254;37155;38368;38439;37915;37954;37996;39265;39337;39407;39476
354160 Promissão;28875;29726;30519;31293;30388;30881;31373;31866;31500;31762;32067;32708;33062;33414;34786;36997;37570;35688;36025;36364;37985;38380;38764;39139
354165 Quadra;-;-;-;-;2238;2311;2384;2458;2749;2809;2882;3035;3120;3205;2679;2779;2789;3236;3281;3325;3489;3539;3587;3634
354170 Quatá;11563;11746;11922;12094;12451;12653;12854;13056;11691;11717;11746;11807;11841;11875;11971;12467;12539;12828;12887;12972;13501;13603;13702;13798
354180 Queiroz;1915;1892;1872;1853;2132;2166;2201;2236;2198;2220;2243;2292;2318;2345;2603;2811;2875;2808;2857;2905;3060;3114;3166;3217
354190 Queluz;7747;7832;7888;7942;8507;8638;8770;8902;9284;9407;9544;9831;9990;10148;10323;11012;11197;11325;11478;11641;12234;12419;12600;12777
354200 Quintana;5221;5270;5308;5344;5048;4997;4946;4895;5477;5497;5522;5574;5603;5631;5654;5906;5948;6008;6048;6089;6339;6389;6437;6484
354210 Rafard;8853;9072;9291;9506;8862;8921;8980;9039;8333;8312;8290;8243;8217;8191;8151;8370;8364;8624;8632;8651;8952;8979;9004;9030
354220 Rancharia;27190;27425;27658;27884;28522;28725;28928;29131;28994;29163;29345;29726;29937;30146;28303;29138;29149;28773;28807;28809;29732;29755;29778;29799
354230 Redenção da Serra;4008;4017;4020;4024;3677;3624;3571;3518;4051;4055;4059;4067;4071;4076;4081;4230;4245;3879;3860;3847;3952;3941;3930;3919
354240 Regente Feijó;15414;15823;16213;16594;16594;16863;17132;17401;17233;17426;17625;18042;18273;18502;17070;17671;17725;18496;18609;18720;19468;19602;19733;19860
354250 Reginópolis;4813;4838;4867;4895;4962;4995;5028;5061;4725;4735;4732;4726;4722;4718;6993;7859;8172;7325;7522;7713;8218;8432;8640;8844
354260 Registro;49823;50637;51402;52148;49251;49294;49337;49379;54086;54762;55230;56214;56759;57299;53369;55081;55168;54279;54301;54338;56123;56203;56280;56356
354270 Restinga;4485;4557;4625;4692;5001;5078;5155;5233;5705;5832;5947;6188;6321;6454;6350;6780;6897;6587;6664;6739;7054;7139;7223;7304
354280 Ribeira;4039;4009;3978;3948;3816;3761;3706;3650;3437;3387;3332;3216;3151;3087;3444;3544;3545;3358;3347;3336;3427;3418;3408;3399
354290 Ribeirão Bonito;10497;10674;10831;10984;10892;10968;11044;11120;11338;11439;11528;11716;11821;11924;11383;11810;11857;12129;12204;12270;12750;12831;12909;12986
354300 Ribeirão Branco;19834;20385;20889;21379;18927;18733;18539;18345;21470;21642;21833;22233;22455;22674;18879;18867;18607;18272;18042;17822;18093;17866;17646;17430
354310 Ribeirão Corrente;3283;3339;3389;3438;3591;3649;3707;3766;3962;4018;4082;4216;4289;4363;4014;4188;4216;4273;4304;4333;4510;4545;4579;4612
354320 Ribeirão do Sul;3632;4286;4340;4256;4390;4418;4446;4474;4536;4566;4598;4666;4703;4740;4497;4651;4663;4464;4443;4439;4575;4574;4573;4572
354323 Ribeirão dos Índios;-;-;-;-;2186;2201;2217;2232;2240;2253;2267;2297;2314;2331;2231;2310;2317;2187;2185;2182;2248;2247;2245;2244
354325 Ribeirão Grande;6231;6287;6340;6393;7325;7577;7828;8080;7543;7647;7766;8016;8154;8292;6928;7035;6992;7419;7425;7427;7667;7675;7682;7690
354330 Ribeirão Pires;87812;90392;92803;95155;101479;104804;108121;111450;106700;108595;110491;114473;116677;118864;107046;111402;112011;113043;113726;114361;118871;119644;120396;121130
354340 Ribeirão Preto;440666;450690;459691;468467;462579;467934;473276;478637;514160;520502;527733;542912;551312;559650;547417;558136;563107;605114;612340;619746;649556;658059;666323;674405
354360 Rifaina;2861;2831;2802;2773;3376;3482;3589;3695;3373;3415;3457;3545;3593;3641;3587;3783;3826;3436;3445;3453;3574;3586;3597;3608
354370 Rincão;10661;10939;11204;11463;10581;10655;10729;10803;10326;10325;10322;10317;10314;10311;10425;10807;10846;10414;10421;10427;10768;10782;10796;10809
354380 Rinópolis;11023;10915;10800;10687;10042;9939;9836;9733;10127;10063;9973;9786;9682;9579;9393;9473;9385;9935;9911;9887;10170;10152;10133;10116
354390 Rio Claro;139901;143005;145168;147278;157166;160363;163551;166751;171751;174525;177452;183597;186998;190373;185421;189834;191886;186299;187638;188977;196821;198413;199961;201473
354400 Rio das Pedras;19648;20201;20700;21186;23202;23995;24787;25581;23974;24418;24846;25746;26244;26739;26344;28036;28478;29508;29963;30409;31982;32489;32982;33464
354410 Rio Grande da Serra;30823;31766;32613;33440;36135;37319;38500;39686;37144;38604;39306;40780;41596;42405;39270;41215;41602;44084;44503;45014;47142;47731;48302;48861
354420 Riolândia;7812;7883;7939;7994;7554;7478;7402;7326;8659;8728;8806;8970;9061;9151;9713;10365;10542;10574;10730;10880;11429;11600;11766;11928
354350 Riversul;9317;9245;9175;9106;8236;8153;8070;7987;6915;6728;6512;6060;5809;5561;6545;6588;6520;6165;6085;6008;6096;6017;5941;5866
354425 Rosana;21405;22024;22612;23185;21980;22134;22287;22441;24655;24965;25306;26023;26420;26814;19943;19428;18918;19691;19343;19006;19156;18803;18459;18124
354430 Roseira;6283;6425;6519;6611;7694;7959;8223;8487;8821;9074;9304;9788;10056;10321;9016;9446;9527;9606;9678;9754;10168;10257;10344;10429
354440 Rubiácea;2686;2729;2770;2809;2445;2410;2375;2339;2299;2273;2244;2182;2148;2114;2501;2633;2661;2729;2760;2789;2917;2950;2983;3015
354450 Rubinéia;2209;2185;2162;2140;2535;2576;2617;2658;2647;2695;2732;2809;2852;2895;2546;2614;2611;2862;2881;2900;3017;3039;3060;3081
354460 Sabino;4498;4468;4421;4375;4782;4814;4846;4878;4994;5031;5068;5146;5189;5232;5150;5381;5420;5226;5238;5258;5452;5477;5502;5526
354470 Sagres;2622;2593;2566;2539;2403;2368;2334;2299;2412;2394;2373;2329;2305;2281;2307;2349;2338;2395;2392;2389;2460;2458;2456;2454
354480 Sales;3712;3673;3634;3597;3864;3889;3914;3938;4665;4732;4811;4976;5067;5158;5025;5325;5399;5450;5520;5586;5853;5929;6002;6074
354490 Sales Oliveira;7758;7887;8003;8116;8364;8494;8623;8753;9532;9681;9847;10194;10386;10576;8187;8149;8021;10568;10664;10756;11225;11333;11438;11541
354500 Salesópolis;11411;11524;11600;11673;13835;14308;14780;15253;14695;14988;15281;15895;16235;16573;15157;15897;16041;15639;15734;15828;16462;16576;16688;16797
354510 Salmourão;4411;4361;4315;4270;4486;4489;4492;4495;4389;4388;4382;4370;4363;4356;4551;4748;4779;4818;4851;4881;5079;5116;5152;5187
354515 Saltinho;4906;5005;5382;5476;5303;5338;5373;5408;5861;5951;6022;6170;6252;6333;6586;7029;7149;7059;7156;7250;7607;7714;7818;7919
354520 Salto;74430;76845;78895;80894;90429;93392;96348;99315;95717;97541;99575;103844;106207;108552;102311;108471;109948;105569;106465;107382;112052;113127;114171;115193
354530 Salto de Pirapora;26168;26925;27643;28343;31708;32747;33783;34823;36284;37119;38069;40063;41167;42262;37324;39224;39616;40141;40521;40897;42710;43148;43574;43990
354540 Salto Grande;7773;7626;7722;7607;7103;7032;6960;6889;8572;8667;8771;8988;9108;9227;8592;8926;8968;8787;8814;8839;9156;9190;9223;9255
354550 Sandovalina;2374;2349;2324;2300;2732;2777;2821;2865;3175;3233;3300;3441;3519;3596;3217;3362;3387;3699;3746;3792;3974;4026;4076;4126
354560 Santa Adélia;12838;13046;13241;13432;12638;12646;12655;12663;13554;13624;13706;13877;13972;14065;13861;14448;14537;14333;14401;14467;15017;15098;15178;15255
354570 Santa Albertina;5824;5774;5730;5687;5506;5451;5396;5340;5551;5526;5499;5440;5408;5376;5042;5052;4992;5723;5734;5744;5941;5956;5971;5985
354580 Santa Bárbara d'Oeste;151437;156928;162226;167392;164998;168332;171657;174994;172739;175299;177722;182808;185623;188417;184318;187908;189573;180148;180772;181509;188302;189233;190139;191024
354600 Santa Branca;10480;10650;10807;10959;20891;21605;22317;23032;13366;13579;13843;14397;14704;15009;13282;13811;13881;13770;13821;13877;14395;14465;14534;14601
354610 Santa Clara d'Oeste;2469;2440;2415;2390;2314;2281;2248;2214;2083;2044;2008;1931;1889;1847;2081;2141;2141;2084;2082;2079;2141;2139;2137;2136
354620 Santa Cruz da Conceição;2947;2976;2994;3011;3222;3274;3326;3379;3596;3656;3714;3836;3903;3970;3872;4099;4154;3998;4039;4074;4251;4292;4332;4371
354625 Santa Cruz da Esperança;-;-;-;-;1749;1762;1774;1786;1809;1818;1829;1850;1862;1874;1707;1741;1733;1953;1966;1977;2056;2070;2084;2097
354630 Santa Cruz das Palmeiras;22422;23072;23642;24197;24414;24810;25205;25602;26013;26342;26707;27473;27897;28318;30458;32861;33583;29974;30268;30593;32009;32384;32749;33106
354640 Santa Cruz do Rio Pardo;36908;37264;37580;37887;38374;38647;38920;39194;41379;41834;42259;43151;43645;44135;41655;43279;43483;43929;44152;44375;46092;46366;46633;46893
354650 Santa Ernestina;5773;5929;6073;6213;5522;5467;5411;5355;5760;5768;5780;5807;5821;5836;5510;5634;5618;5568;5555;5542;5701;5691;5681;5672
354660 Santa Fé do Sul;23279;23447;23600;23749;26122;26546;26968;27393;26888;27228;27560;28257;28643;29026;27693;28966;29192;29235;29449;29651;30872;31113;31348;31578
354670 Santa Gertrudes;10667;10835;10994;11149;14178;14662;15146;15631;16563;17047;17576;18687;19302;19913;19044;20568;21028;21644;22074;22499;23793;24272;24737;25192
354680 Santa Isabel;38636;39281;39875;40454;42176;42860;43543;44228;44302;44953;45516;46698;47352;48001;44817;46645;46902;50464;50969;51467;53784;54363;54926;55476
354690 Santa Lúcia;6395;6494;6589;6682;7619;7881;8143;8405;8049;8183;8336;8658;8836;9013;7862;8133;8154;8246;8279;8308;8613;8651;8687;8723
354700 Santa Maria da Serra;4419;4542;4651;4757;4526;4557;4586;4617;4658;4751;4787;4863;4905;4946;5417;5809;5920;5418;5470;5525;5776;5840;5902;5962
354710 Santa Mercedes;2945;2915;2884;2854;2603;2565;2527;2490;2783;2765;2748;2711;2691;2671;2589;2617;2596;2831;2834;2836;2929;2933;2937;2941
354740 Santa Rita d'Oeste;3445;3408;3372;3337;2861;2820;2779;2737;2596;2528;2451;2289;2199;2110;2493;2521;2501;2543;2532;2521;2585;2574;2564;2554
354750 Santa Rita do Passa Quatro;24307;24475;24635;24791;25085;25264;25442;25621;26531;26562;26758;27171;27400;27627;26456;27447;27557;26420;26505;26530;27411;27457;27502;27546
354760 Santa Rosa de Viterbo;19545;19850;20148;20438;20375;20518;20660;20802;21694;21906;22125;22584;22838;23091;22699;23824;24049;23871;24049;24229;25246;25459;25666;25869
354765 Santa Salete;-;-;-;-;1347;1333;1320;1306;1378;1378;1377;1376;1376;1375;1390;1441;1446;1447;1453;1458;1511;1517;1523;1530
354720 Santana da Ponte Pensa;2330;2311;2287;2263;1961;1933;1905;1876;1836;1795;1749;1652;1599;1546;1654;1643;1616;1641;1622;1603;1629;1610;1591;1573
354730 Santana de Parnaíba;38809;40117;41188;42231;59607;61560;63508;65464;79260;82627;86247;93845;98050;102224;100189;110730;114321;108875;111422;113945;120998;123825;126574;129261
354770 Santo Anastácio;22068;22128;22150;22171;21079;21227;21373;21520;20834;20906;20979;21131;21216;21300;20550;21195;21222;20498;20454;20434;21059;21051;21044;21037
354780 Santo André;620639;627850;632783;637594;627702;628425;630073;631727;652305;656136;659294;665923;669592;673234;667891;671696;673396;673914;678486;680496;704942;707613;710210;712749
354790 Santo Antônio da Alegria;5021;5070;5032;4994;5554;5640;5725;5812;5832;5892;5952;6076;6146;6214;6020;6296;6346;6304;6346;6386;6644;6692;6739;6785
354800 Santo Antônio de Posse;14505;14735;14956;15171;15021;15126;15231;15336;18623;18940;19318;20113;20552;20989;19824;20973;21247;20635;20844;21032;21957;22176;22389;22597
354805 Santo Antônio do Aracanguá;7119;7229;7331;7432;6653;6586;6519;6452;6918;6913;6906;6891;6882;6874;7034;7303;7335;7627;7680;7732;8048;8109;8169;8228
354810 Santo Antônio do Jardim;5733;5777;5818;5858;6171;6267;6362;6458;6209;6252;6298;6394;6447;6499;5743;5824;5785;5943;5927;5912;6078;6065;6053;6041
354820 Santo Antônio do Pinhal;5362;5368;5374;5380;5912;6004;6095;6187;6428;6533;6628;6827;6938;7047;6560;6849;6896;6516;6499;6510;6733;6750;6767;6784
354830 Santo Expedito;2195;2172;2149;2127;2330;2345;2359;2374;2568;2590;2620;2682;2716;2751;2759;2918;2956;2806;2825;2845;2963;2988;3011;3035
354840 Santópolis do Aguapeí;3875;3896;3920;3942;3751;3697;3643;3588;3810;3810;3807;3801;3798;3795;4008;4199;4234;4281;4313;4347;4532;4572;4611;4650
354850 Santos;418078;419477;420397;421292;410944;409845;408748;407647;417817;418095;418147;418255;418316;418375;418288;417518;417098;419757;419509;419614;433153;433565;433966;434359
354860 São Bento do Sapucaí;8628;8552;8487;8424;9365;9510;9655;9800;10559;10704;10866;11207;11395;11582;10515;10918;10966;10462;10477;10486;10831;10848;10864;10880
354870 São Bernardo do Campo;578867;590896;601801;612435;683711;703447;723132;742887;717790;731852;745161;773099;788560;803906;781390;801580;810979;765203;770253;774886;805895;811489;816925;822242
354880 São Caetano do Sul;147967;147215;146168;145147;137408;135362;133321;131273;138993;138190;137276;135357;134295;133241;144857;151103;152093;149571;149962;150638;156362;157205;158024;158825
354890 São Carlos;161629;164792;167777;170688;179830;183481;187122;190776;197184;200315;203711;210841;214786;218702;212956;218080;220463;221936;224173;226322;236457;238958;241389;243765
354900 São Francisco;2512;2485;2459;2433;2704;2722;2739;2756;2902;2931;2962;3028;3064;3100;2812;2893;2894;2793;2788;2783;2864;2861;2857;2854
354910 São João da Boa Vista;70332;71527;72608;73662;75176;76396;77613;78834;78203;79121;79925;81614;82549;83477;79935;83369;83909;83661;84119;84584;87912;88477;89027;89564
354920 São João das Duas Pontes;2758;2728;2699;2671;2605;2568;2530;2493;2648;2632;2620;2593;2578;2563;2571;2635;2630;2566;2559;2552;2624;2618;2612;2607
354925 São João de Iracema;1610;1621;1632;1643;1461;1440;1419;1398;1680;1686;1693;1708;1717;1725;1725;1798;1810;1780;1789;1797;1865;1875;1885;1894
354930 São João do Pau d'Alho;2779;2750;2721;2693;2276;2243;2210;2177;2101;2047;1985;1855;1783;1711;2132;2191;2191;2103;2098;2092;2150;2145;2141;2136
354940 São Joaquim da Barra;36578;37201;37763;38312;40874;41537;42198;42862;42284;42770;43319;44472;45110;45743;43703;45782;46172;46524;46891;47256;49259;49690;50110;50520
354950 São José da Bela Vista;7182;7232;7283;7333;7908;8030;8152;8275;8183;8276;8370;8565;8674;8782;8173;8479;8513;8407;8432;8456;8759;8791;8823;8854
354960 São José do Barreiro;3886;3844;3804;3764;4132;4159;4185;4212;4164;4187;4208;4251;4275;4298;4278;4461;4490;4097;4072;4068;4190;4188;4185;4183
354970 São José do Rio Pardo;45371;46113;46809;47489;48592;49380;50167;50956;50706;51234;51771;52898;53522;54141;51023;53025;53281;51910;52040;52176;54024;54209;54388;54563
354980 São José do Rio Preto;291785;299927;307272;314434;334151;343059;351944;360860;367247;374745;382274;398079;406826;415508;402770;414272;419632;408435;412076;415769;434039;438354;442548;446649
354990 São José dos Campos;455773;468678;480630;492285;497462;506332;515553;524806;550762;559710;569177;589050;600049;610965;594948;609229;615871;627544;636876;643603;673255;681036;688597;695992
354995 São Lourenço da Serra;7726;7973;8186;8394;10566;10927;11287;11649;12759;13186;13645;14607;15139;15668;16121;17763;18319;13985;14110;14241;14874;15028;15177;15323
355000 São Luís do Paraitinga;9905;9946;9958;9968;10316;10388;10460;10532;10478;10536;10585;10689;10747;10804;10496;10872;10908;10404;10395;10393;10721;10726;10731;10735
355010 São Manuel;36013;36657;37211;37751;35366;35940;36513;37087;36973;37476;37908;38815;39317;39816;37797;39434;39696;38390;38480;38614;40027;40200;40367;40532
355020 São Miguel Arcanjo;26321;26965;27685;28386;28046;28501;28955;29410;31430;31938;32466;33577;34191;34801;30384;31304;31329;31452;31501;31549;32621;32696;32769;32840
355030 São Paulo;9727889;9842059;9931038;10017821;9887614;9927868;9968485;10009231;10499133;10600060;10677019;10838581;10927985;11016703;10886518;10990249;11037593;11244369;11316119;11376685;11821873;11895893;11967825;12038175
355040 São Pedro;20645;21335;21862;22375;24292;25089;25883;26679;28810;29522;30276;31858;32734;33604;29733;31257;31575;31688;31951;32231;33638;33966;34284;34595
355050 São Pedro do Turvo;6959;6886;6972;6504;6632;6565;6498;6432;6911;6925;6942;6978;6998;7017;7094;7393;7439;7208;7222;7245;7508;7538;7567;7596
355060 São Roque;57701;58936;59827;60695;62651;63668;64682;65700;67591;68670;69613;71594;72690;73778;65693;67669;67715;78873;79757;80661;84460;85502;86515;87506
355070 São Sebastião;34816;36004;36964;37901;45611;47106;48596;50093;60832;63119;65477;70427;73167;75886;67348;72236;73631;73833;75163;76344;80379;81718;83020;84294
355080 São Sebastião da Grama;11888;11982;12060;12136;11339;11223;11107;10990;12529;12590;12652;12784;12857;12930;12509;12951;12990;12100;12072;12046;12394;12374;12355;12335
355090 São Simão;12064;12162;12241;12318;12773;12863;12952;13041;13887;14030;14195;14541;14733;14923;13781;14280;14329;14350;14398;14448;14976;15041;15104;15165
355100 São Vicente;275479;281464;287300;292991;282248;284551;286848;289153;306860;310901;314312;321474;325437;329370;323599;328522;330795;332424;334663;336809;350465;353040;355542;357989
355110 Sarapuí;6615;6693;6792;6887;7136;7246;7356;7467;7964;8084;8214;8486;8637;8787;8158;8534;8601;9027;9121;9212;9628;9734;9836;9936
355120 Sarutaiá;3050;3029;3032;3035;3270;3323;3376;3429;3820;3890;3960;4106;4188;4268;3680;3789;3790;3622;3614;3605;3707;3700;3694;3687
355130 Sebastianópolis do Sul;2522;2550;2565;2580;2529;2530;2532;2534;2550;2552;2555;2561;2565;2568;2871;3059;3109;3031;3069;3105;3252;3293;3334;3373
355140 Serra Azul;6270;6378;6472;6563;7224;7473;7720;7969;7605;7714;7838;8100;8244;8388;9107;9880;10121;11259;11549;11832;12592;12908;13216;13516
355160 Serra Negra;22045;22445;22781;23110;22481;22638;22794;22952;24100;24303;24512;24953;25196;25438;24671;25741;25912;26362;26582;26770;27879;28103;28321;28534
355150 Serrana;23857;24553;25159;25750;27651;28558;29462;30369;33738;34577;35494;37418;38482;39539;36596;38956;39574;38891;39360;39826;41728;42264;42784;43293
355170 Sertãozinho;81325;83690;85922;88099;92111;95130;98140;101162;96605;98007;99558;102815;104618;106407;103558;109565;110999;110094;111257;112401;117539;118864;120152;121412
355180 Sete Barras;12578;12709;12792;12873;13303;13396;13488;13582;13809;13964;14080;14323;14458;14591;12975;13211;13148;13006;12951;12898;13239;13190;13144;13098
355190 Severínia;10460;10623;10779;10931;13306;13761;14215;14670;14002;14305;14629;15311;15688;16063;14713;15523;15707;15504;15647;15788;16482;16646;16806;16962
355200 Silveiras;4994;5078;5153;5225;5338;5420;5503;5586;5428;5476;5521;5616;5669;5721;5562;5803;5841;5792;5824;5855;6083;6121;6158;6193
355210 Socorro;31292;31821;32302;32771;30879;30906;30933;30960;32855;33112;33302;33700;33920;34139;33080;34312;34447;36695;36992;37288;38878;39227;39565;39896
355220 Sorocaba;388035;397553;405979;414197;444665;455759;466823;477927;508848;517551;528729;552194;565180;578068;559157;576312;584313;586311;593776;600692;629231;637187;644919;652481
355230 Sud Mennucci;7423;7611;7795;7975;7963;8086;8209;8333;7382;7399;7414;7447;7465;7483;7714;8075;8141;7440;7441;7446;7691;7702;7712;7723
355240 Sumaré;147499;154214;160212;166061;174802;180511;186205;191920;202813;208445;213886;225307;231627;237900;228696;237135;241077;241437;242960;246247;258556;262308;265955;269522
355255 Suzanápolis;2663;2687;2709;2732;2806;2824;2842;2860;2830;2822;2837;2868;2886;2903;3421;3714;3805;3383;3429;3473;3642;3693;3742;3790
355250 Suzano;164317;168655;173115;177464;186201;190824;195434;200062;236985;243387;250208;264528;272452;280318;268777;279394;284356;262568;265074;267583;279520;282441;285280;288056
355260 Tabapuã;10029;10107;10173;10237;10239;10310;10381;10453;10549;10605;10657;10766;10826;10886;11255;11851;11980;11366;11430;11495;11949;12027;12103;12178
355270 Tabatinga;11116;11401;11677;11946;12782;13219;13655;14093;13259;13452;13667;14117;14366;14614;13965;14712;14876;14686;14817;14943;15590;15738;15881;16021
355280 Taboão da Serra;165439;170690;175508;180207;188097;192830;197550;202287;202049;205547;209215;216914;221176;225405;219200;224757;227343;244719;248127;251608;264352;268321;272177;275948
355290 Taciba;4787;4813;4842;4870;5145;5225;5304;5384;5277;5320;5366;5463;5516;5569;5402;5637;5675;5714;5752;5789;6023;6067;6110;6152
355300 Taguaí;6480;6530;6576;6621;7210;7322;7433;7545;7575;7687;7788;8002;8120;8237;9616;10542;10849;10825;11086;11336;12034;12314;12586;12851
355310 Taiaçu;5164;5297;5426;5551;5484;5569;5654;5739;5692;5746;5805;5929;5997;6065;5804;6053;6093;5894;5916;5936;6153;6179;6205;6230
355320 Taiúva;5310;5392;5471;5549;5397;5433;5469;5505;5541;5567;5595;5654;5686;5719;5366;5509;5505;5447;5443;5439;5606;5605;5605;5604
355330 Tambaú;20208;20535;20843;21143;21630;21980;22330;22682;22526;22763;22998;23490;23762;24033;21913;22564;22575;22410;22418;22429;23159;23187;23214;23241
355340 Tanabi;21677;21826;21969;22108;23900;24288;24675;25063;22723;22813;22918;23138;23260;23381;23400;24424;24591;24055;24168;24277;25199;25335;25467;25597
355350 Tapiraí;5790;5825;5866;5907;7505;7763;8020;8278;8870;9167;9444;10025;10347;10666;7953;8052;7991;8015;7970;7928;8125;8085;8047;8010
355360 Tapiratiba;11996;12202;12385;12563;12953;13163;13373;13583;13059;13182;13294;13528;13658;13787;12246;12469;12410;12743;12722;12707;13091;13084;13076;13069
355365 Taquaral;-;-;-;-;2715;2759;2803;2847;2757;2782;2809;2867;2899;2931;2827;2953;2974;2726;2727;2727;2814;2817;2819;2821
355370 Taquaritinga;47747;48536;49270;49985;51314;52146;52977;53811;52666;53147;53649;54704;55287;55866;53232;55372;55662;53985;54136;54279;56204;56398;56587;56771
355380 Taquarituba;18687;18807;18930;19049;20388;20718;21048;21379;22400;22707;23043;23749;24140;24528;22170;22978;23060;22294;22315;22338;23083;23123;23163;23202
355385 Taquarivaí;3133;3183;3232;3279;3647;3762;3877;3992;4643;4767;4903;5189;5347;5504;5098;5446;5541;5149;5204;5254;5489;5548;5605;5660
355390 Tarabai;4795;4874;4947;5018;5874;6075;6277;6479;5920;6012;6116;6336;6458;6578;6108;6406;6464;6605;6671;6731;7028;7099;7168;7236
355395 Tarumã;9732;9904;10054;10200;10527;10698;10868;11039;10891;10989;11103;11342;11475;11606;12302;13151;13386;12883;13050;13209;13845;14027;14205;14378
355400 Tatuí;79166;81607;83784;85907;88127;91016;93897;96787;95556;97326;99134;102930;105030;107115;101838;107651;109017;107975;108393;109425;114314;115515;116682;117823
355410 Taubaté;209726;213370;216279;219117;223538;226338;229130;231933;248667;251992;255625;263251;267471;271660;265514;270918;273426;278724;281336;283899;296431;299423;302331;305174
355420 Tejupá;4677;4625;4576;4529;5189;5269;5350;5430;5406;5463;5522;5646;5714;5782;5015;5096;5067;4809;4769;4730;4828;4788;4750;4713
355430 Teodoro Sampaio;19555;20122;20658;21181;19665;19803;19940;20077;20131;20227;20331;20549;20670;20789;20325;21107;21202;21389;21493;21595;22424;22551;22675;22795
355440 Terra Roxa;6687;6740;6788;6835;8145;8425;8704;8984;7890;7987;8096;8325;8452;8578;8155;8545;8619;8505;8563;8619;8969;9036;9101;9164
355450 Tietê;26934;27356;27814;28218;28994;29945;30893;31843;32288;33147;33814;35214;35989;36758;34018;35821;36211;36827;37229;37609;39324;39765;40194;40613
355460 Timburi;2815;2786;2756;2728;2668;2630;2591;2553;2719;2706;2694;2670;2656;2643;2535;2567;2548;2646;2640;2634;2709;2704;2699;2695
355465 Torre de Pedra;1246;1255;1264;1273;1638;1690;1741;1793;2307;2335;2424;2610;2713;2815;2784;3058;3149;2257;2263;2271;2354;2365;2375;2385
355470 Torrinha;7566;7622;7676;7729;8336;8465;8593;8723;8978;9118;9248;9521;9673;9823;8918;9245;9278;9330;9368;9405;9754;9801;9846;9890
355475 Trabiju;-;-;-;-;1382;1405;1427;1450;1394;1407;1419;1445;1460;1474;1441;1507;1519;1544;1557;1569;1635;1650;1664;1677
355480 Tremembé;28431;29292;30073;30835;33388;34482;35573;36668;35695;36349;37057;38543;39366;40182;38321;40601;41159;40985;41457;41915;43871;44399;44912;45414
355490 Três Fronteiras;5058;5034;4996;4958;4855;4806;4757;4708;5151;5168;5172;5180;5185;5189;5031;5167;5163;5428;5448;5468;5669;5694;5719;5743
355495 Tuiuti;4162;4253;4325;4396;4812;4978;5143;5308;5036;5137;5222;5398;5496;5593;5749;6165;6284;5935;6005;6078;6369;6452;6533;6612
355500 Tupã;61903;62468;62998;63515;61397;61834;62271;62708;63785;64176;64567;65388;65842;66293;62256;64078;64098;63492;63487;63498;65540;65596;65651;65705
355510 Tupi Paulista;13871;13726;13581;13439;13282;13146;13010;12873;13196;13126;13052;12897;12810;12725;13712;14298;14389;14262;14345;14418;14976;15066;15153;15238
355520 Turiúba;2058;2039;2018;1996;1912;1885;1857;1829;1870;1855;1836;1797;1775;1754;1947;2028;2040;1927;1933;1936;2000;2005;2009;2013
355530 Turmalina;2717;2688;2660;2632;2486;2450;2414;2378;2319;2285;2248;2169;2125;2082;2024;1998;1958;1978;1949;1920;1942;1912;1883;1854
355535 Ubarana;2867;2896;2920;2945;4025;4152;4279;4406;4381;4510;4645;4927;5083;5238;4552;4799;4855;5286;5372;5451;5732;5822;5910;5996
355540 Ubatuba;48875;50354;51698;53008;57249;59126;60997;62875;68787;70956;72857;76847;79055;81246;75008;79834;81096;78870;79718;80604;84377;85399;86392;87364
355550 Ubirajara;4140;4096;4053;4011;3654;3601;3548;3495;4148;4149;4145;4138;4134;4130;4269;4446;4472;4429;4448;4468;4637;4662;4687;4711
355560 Uchoa;8359;8467;8527;8586;9116;9257;9398;9539;9119;9182;9251;9394;9474;9552;9348;9753;9818;9475;9505;9537;9885;9927;9968;10008
355570 União Paulista;1336;1338;1346;1353;1380;1389;1398;1407;1364;1361;1364;1371;1375;1379;1436;1508;1522;1599;1618;1636;1712;1733;1754;1773
355580 Urânia;10041;9901;9796;9694;8513;8427;8341;8256;8835;8841;8849;8865;8874;8883;8727;8998;9007;8836;8837;8838;9121;9128;9135;9141
355590 Uru;1335;1318;1305;1291;1537;1562;1587;1612;1407;1416;1421;1432;1438;1445;1362;1397;1395;1251;1240;1228;1252;1240;1229;1218
355600 Urupês;10881;10761;10647;10536;11304;11383;11462;11541;11934;12006;12086;12255;12348;12441;11917;12347;12388;12720;12782;12848;13345;13426;13504;13580
355610 Valentim Gentil;5920;5999;6041;6083;7103;7348;7591;7836;8959;9173;9437;9990;10297;10601;9408;9952;10082;11031;11223;11404;12012;12217;12416;12610
355620 Valinhos;70084;72120;74044;75920;76066;77301;78532;79767;84601;86147;87621;90714;92425;94124;97814;105282;107481;106968;108622;110390;116308;118312;120258;122163
355630 Valparaíso;16847;17115;17371;17622;18077;18371;18663;18957;18823;19000;19198;19612;19842;20070;20827;22165;22514;22617;22884;23181;24323;24663;24993;25316
355635 Vargem;5090;5202;5290;5377;6370;6589;6807;7026;7217;7389;7581;7985;8208;8430;6883;7092;7098;8801;8942;9077;9550;9704;9854;10000
355640 Vargem Grande do Sul;31946;32883;33760;34615;34790;35355;35918;36483;37229;37428;37950;39047;39654;40256;37357;38925;39160;39266;39494;39714;41279;41547;41807;42061
355645 Vargem Grande Paulista;16317;16782;17196;17600;27764;28674;29581;30492;34596;36221;37862;41309;43217;45110;40200;43664;44754;42946;43789;44555;47013;47879;48720;49542
355650 Várzea Paulista;71042;73220;75173;77078;81304;83968;86626;89293;95585;97824;100156;105051;107760;110449;100406;105954;107211;107146;108186;109247;114170;115403;116601;117772
355660 Vera Cruz;10896;10791;10677;10566;11375;11454;11534;11613;11090;11094;11098;11107;11112;11117;10020;10065;9952;10769;10745;10722;11032;11014;10997;10980
355670 Vinhedo;34667;35709;36661;37590;40181;41497;42811;44129;48761;50077;51406;54194;55737;57269;57435;62240;63729;63685;64870;66087;69845;71217;72550;73855
355680 Viradouro;13328;13538;13741;13939;14701;14939;15177;15416;16301;16566;16846;17435;17761;18084;17043;17924;18110;17307;17400;17499;18191;18311;18428;18542
355690 Vista Alegre do Alto;3682;3737;3793;3847;4348;4485;4622;4760;4894;4994;5105;5339;5468;5597;6100;6682;6874;6889;7050;7208;7652;7830;8002;8171
355695 Vitória Brasil;-;-;-;-;1559;1584;1609;1635;1703;1723;1746;1793;1819;1845;1624;1664;1662;1737;1742;1747;1809;1815;1821;1827
355700 Votorantim;83317;85763;88051;90282;88895;90338;91777;93221;97808;99123;100607;103722;105446;107157;99901;104413;105193;108872;109798;110755;115585;116706;117794;118858
355710 Votuporanga;65685;66875;67886;68871;71229;72384;73537;74694;76905;77953;79027;81280;82526;83764;77622;80819;81279;84728;85387;86059;89715;90508;91278;92032
355715 Zacarias;1943;1928;1914;1900;1751;1726;1701;1675;1945;1944;1943;1940;1938;1937;2229;2384;2427;2334;2365;2394;2509;2542;2574;2605
Total;32126058;32701353;33206755;33699614;34752225;35284072;35816740;36351316;37630106;38177742;38709320;39825226;40442795;41055734;39827690;41011635;41384039;41252160;41587182;41901219;43663669;44035304;44396484;44749699
;;;;;;;;;;;;;;;;;;;;;;;;
;;;;;;;;;;;;;;;;;;;;;;;;
;;;;;;;;;;;;;;;;;;;;;;;;
;;;;;;;;;;;;;;;;;;;;;;;;
;;;;;;;;;;;;;;;;;;;;;;;;
;;;;;;;;;;;;;;;;;;;;;;;;
;;;;;;;;;;;;;;;;;;;;;;;;
;;;;;;;;;;;;;;;;;;;;;;;;
;;;;;;;;;;;;;;;;;;;;;;;;
;;;;;;;;;;;;;;;;;;;;;;;;
 ;;;;;;;;;;;;;;;;;;;;;;;;
